pokemon_name,card_id,card_number,set_name,rarity,variant,popularity_rank,popularity_score,market_avg_price,ebay_avg_price,tcgplayer_avg_price,market_avg_7d_price,market_avg_30d_price,ebay_avg_7d,ebay_avg_30d,tcgplayer_avg_7d,tcgplayer_avg_30d,total_sales,ebay_sale_count,tcgplayer_sale_count,ebay_premium,ebay_low_price,ebay_median_3d,ebay_median_7d,ebay_median_30d,ebay_high_price,tcgplayer_low_price,tcgplayer_median_3d,tcgplayer_median_7d,tcgplayer_median_30d,tcgplayer_high_price,price_7d_avg,price_30d_avg,price_90d_avg,price_1y_avg,price_momentum,price_volatility
Bulbasaur,019bffa9-14a4-732a-bc78-296057143435,001/165,SV: Scarlet & Violet 151,Common,Reverse_Holofoil,16.0,90.1,1.5799999999999998,2.84,0.32,1.342857215,1.2820193,2.377143,2.2540386,0.30857143,0.31,12966.0,185.0,12781.0,2.52,2.49,2.24,2.37,1.99,3.19,0.1,,,,0.4,1.1485714285714288,1.2670000033333333,1.2670000033333333,1.2670000033333333,-74.74348862209025,1.1166367692642032
Bulbasaur,019bffab-58b9-77cf-912b-35916daf4153,166/165,SV: Scarlet & Violet 151,Illustration Rare,Holofoil,16.0,90.1,79.125,69.0,89.25,86.66356999999999,84.15675,84.55857,79.85414,88.76857,88.45936,5204.0,378.0,4826.0,-20.25,69.0,82.5,79.995,78.99,69.0,89.99,,,,89.99,86.97841233333332,85.21224241935482,85.21224241935482,85.21224241935482,4.738471217286091,15.984164145222605
Bulbasaur,019c3ac3-ec70-77fb-8940-51a4a99037ce,001/165,SV: Scarlet & Violet 151,Common,Normal,16.0,90.1,1.165,2.07,0.26,1.305,1.20671774,2.3457143,2.1715,0.2642857,0.24193548,14676.0,142.0,14534.0,1.81,1.25,1.89,1.995,1.99,2.89,0.21,,,,0.4,0.8853846153846155,1.1179999999999999,1.1179999999999999,1.1179999999999999,-76.74418604651162,1.3485276773398922
Ivysaur,019bffa9-14a4-732a-bc78-2f788ce711d5,002/165,SV: Scarlet & Violet 151,Uncommon,Reverse_Holofoil,31.0,80.2,0.945,1.5,0.39,1.342499935,1.22285887,2.297857,2.06475,0.38714287,0.38096774,7877.0,116.0,7761.0,1.11,1.5,1.5,2.245,1.99,1.5,0.29,,,,0.48,0.8739394,0.9914444466666666,0.9914444466666666,0.9914444466666666,-60.66345408346194,0.8840703684500415
Ivysaur,019bffab-58b9-77cf-912b-3aee171b84e0,167/165,SV: Scarlet & Violet 151,Illustration Rare,Holofoil,31.0,80.2,54.455,49.99,58.92,53.700001,54.670507,49.685715,51.58327,57.714287,57.757744,5437.0,364.0,5073.0,-8.93,49.99,49.99,50.0,50.99,49.99,60.0,,,,69.98,54.45041678571429,54.68451616129032,54.68451616129032,54.68451616129032,7.745307330172316,3.972258834940594
Ivysaur,019c3ac3-ec70-77fb-8940-544aafc2daf4,002/165,SV: Scarlet & Violet 151,Uncommon,Normal,31.0,80.2,1.3350000000000002,2.49,0.18,0.99571426,0.986354835,1.8271428,1.764,0.16428572,0.20870967,12699.0,76.0,12623.0,2.31,1.99,2.49,1.99,1.89,2.99,0.03,,,,0.4,0.4266666666666667,0.6696666666666665,0.6696666666666665,0.6696666666666665,-73.1209556993529,0.8505271522894547
Venusaur,019bffa9-14a4-732a-bc78-30b5441b4763,003/165,SV: Scarlet & Violet 151,Double Rare,Holofoil,17.0,89.44,1.89,2.33,1.45,1.7417857,1.6949129,2.145,2.1366,1.3385714,1.2532258,32310.0,410.0,31900.0,0.8800000000000001,1.75,2.19,2.16,2.19,3.48,0.5,,,,2.2,1.755088886666666,1.7012333299999998,1.7012333299999998,1.7012333299999998,-14.767717371255584,0.5448041210096001
Venusaur,019bffab-58b9-77cf-912b-8d26e8df9af7,182/165,SV: Scarlet & Violet 151,Ultra Rare,Holofoil,17.0,89.44,19.125,20.0,18.25,17.926071,18.53074,17.852142,18.36148,18.0,18.7,5743.0,312.0,5431.0,1.75,20.0,19.99,16.99,17.99,20.0,19.51,,,,19.99,17.946666642857146,18.14131722580645,18.14131722580645,18.14131722580645,0.5990897620099289,1.5600984377318783
Venusaur,019bffab-58b9-77cf-912b-ab2dd3a12a07,198/165,SV: Scarlet & Violet 151,Special Illustration Rare,Holofoil,17.0,89.44,122.605,112.5,132.71,135.42857,135.9442,,,135.42857,135.9442,5133.0,380.0,4753.0,-20.210000000000008,112.5,114.0,115.5,125.0,112.5,132.71,,,,132.71,129.66589730769232,129.26518883333333,129.26518883333333,129.26518883333333,2.6649179084929133,9.312543170004052
Charmander,019bffa9-14a4-732a-bc78-34e124845f99,004/165,SV: Scarlet & Violet 151,Common,Reverse_Holofoil,12.0,92.74,0.74,1.09,0.39,1.12892855,1.17958734,1.8421428,1.9685295,0.4157143,0.39064518,7979.0,147.0,7832.0,0.7000000000000001,1.09,1.89,1.97,1.99,1.09,0.23,,,,0.57,0.9326388916666666,1.014274193548387,1.014274193548387,1.014274193548387,-61.54885902838514,0.8752381355405057
Charmander,019bffa9-14a4-732a-bc78-3b08db3020df,168/165,SV: Scarlet & Violet 151,Illustration Rare,Holofoil,12.0,92.74,111.675,101.05,122.3,112.330355,107.138125,105.12357,101.41625,119.53714,112.86,4721.0,91.0,4630.0,-21.25,95.0,107.1,100.0,100.5,107.1,122.3,,,,122.3,112.113,108.61672233333333,108.61672233333333,108.61672233333333,12.59776337631891,10.13729815258201
Charmander,019c3ac3-ec70-77fb-8940-5b2ccbed286f,004/165,SV: Scarlet & Violet 151,Common,Normal,12.0,92.74,1.2183333500000002,2.2166667,0.22,1.4521428,1.62922379,2.7142856,3.058125,0.19,0.20032258,13919.0,195.0,13724.0,1.9966667,2.0,2.42,2.99,2.57,2.42,0.24,,,,0.25,1.268214285714286,1.3802444433333332,1.3802444433333332,1.3802444433333332,-84.06079437141634,1.4925769288796493
Charmeleon,019bffa9-14a4-732a-bc78-3c15beffbf94,005/165,SV: Scarlet & Violet 151,Uncommon,Reverse_Holofoil,26.0,83.5,1.29,2.22,0.36,1.10785715,1.25250736,1.86,2.1472728,0.3557143,0.35774192,7519.0,114.0,7405.0,1.8600000000000003,0.69,1.84,1.84,2.13,3.75,0.4,,,,0.49,0.8190909090909089,0.7166666666666666,0.7166666666666666,0.7166666666666666,-49.76744186046511,0.6614056782825256
Charmeleon,019bffab-58b9-77cf-912b-5066b0342295,169/165,SV: Scarlet & Violet 151,Illustration Rare,Holofoil,26.0,83.5,77.68,74.83,80.53,78.24607,77.1348175,74.725,75.301895,81.76714,78.96774,5165.0,415.0,4750.0,-5.700000000000003,74.83,78.41,75.0,75.0,74.83,80.4,,,,80.4,78.52300000000001,78.87860209677419,78.87860209677419,78.87860209677419,2.0935942820078814,5.558903008187223
Charmeleon,019c3ac3-ec70-77fb-8940-5f8cdc414f6f,005/165,SV: Scarlet & Violet 151,Uncommon,Normal,26.0,83.5,0.87,1.5,0.24,1.028571425,1.2871553649999998,1.84,2.3581817,0.21714285,0.21612903,11054.0,195.0,10859.0,1.26,1.5,1.63,1.685,1.83,1.5,0.15,,,,0.2,0.856517857142857,1.127405912903226,1.127405912903226,1.127405912903226,-78.71219254279349,1.2686812335316944
Charizard,019bffa9-14a4-732a-bc78-4162e56c717a,006/165,SV: Scarlet & Violet 151,Double Rare,Holofoil,8.0,95.38,11.915,12.99,10.84,10.762857,9.677214,10.712857,9.116041,10.812857,10.238387,15857.0,115.0,15742.0,2.1500000000000004,12.99,12.99,10.5,8.81,12.99,8.5,,,,9.15,11.078461538461537,10.196944433333336,10.196944433333336,10.196944433333336,6.306355505523258,1.4773744637054425
Charizard,019bffab-58b9-77cf-912b-4f5a68ebe26d,183/165,SV: Scarlet & Violet 151,Ultra Rare,Holofoil,8.0,95.38,43.93375,39.9775,47.89,46.5921415,47.645683,46.927143,48.5004,46.25714,46.790966,4894.0,351.0,4543.0,-7.912500000000001,34.91,39.0,41.995,47.53,47.0,57.99,,,,57.99,45.478611111111114,46.67638174193549,46.67638174193549,46.67638174193549,2.6000692700954633,3.541508803509327
Charizard,019bffab-58b9-77cf-912b-acdfb23b0a46,199/165,SV: Scarlet & Violet 151,Special Illustration Rare,Holofoil,8.0,95.38,450.5725,407.185,493.96,438.63072,433.138365,397.56857,417.0422,479.69287,449.23453,4030.0,397.0,3633.0,-86.77499999999998,398.75,410.0,400.0,420.0,420.0,400.0,,,,492.54,451.6277083333334,443.67384999999996,443.67384999999996,443.67384999999996,11.334035125126267,33.99085193294088
Squirtle,019bffa9-14a4-732a-bc78-1bffe0c22807,007/165,SV: Scarlet & Violet 151,Common,Reverse_Holofoil,9.0,94.72,1.4016667,2.4233334,0.38,1.142857175,1.13531392,1.9385715,1.9148214,0.34714285,0.35580644,13972.0,235.0,13737.0,2.0433334000000003,1.3,1.99,1.99,1.99,3.48,0.09,,,,0.5,1.006380957142857,1.0052473161290323,1.0052473161290323,1.0052473161290323,-62.19835717012512,0.8343206498500805
Squirtle,019bffa9-14a4-732a-bc78-1c1394fe521d,170/165,SV: Scarlet & Violet 151,Illustration Rare,Holofoil,9.0,94.72,112.935,111.43,114.44,107.484643,103.7623375,101.56357,101.905,113.405716,105.619675,4715.0,117.0,4598.0,-3.009999999999991,111.43,100.995,99.985,100.0,111.43,114.44,,,,114.44,109.14454545454545,105.69591666666666,105.69591666666666,105.69591666666666,8.27286768410322,7.044521057706568
Squirtle,019c3ac3-ec70-77fb-8940-4a78f5e71678,007/165,SV: Scarlet & Violet 151,Common,Normal,9.0,94.72,1.901,3.532,0.27,1.241071425,1.035769525,2.2292857,1.8389584,0.25285715,0.23258065,20363.0,149.0,20214.0,3.262,1.29,2.02,2.005,1.89,6.7,0.25,,,,0.25,1.1081025692307696,0.994634412903226,0.994634412903226,0.994634412903226,-72.85434763795269,1.0276847617150477
Wartortle,019bffa9-14a4-732a-bc78-20c883c6ed79,008/165,SV: Scarlet & Violet 151,Uncommon,Reverse_Holofoil,37.0,76.24,1.16166665,1.6733333,0.65,1.30285708,1.34348791,2.1185713,2.23375,0.48714286,0.45322582,7839.0,123.0,7716.0,1.0233333,1.59,1.68,1.68,1.84,1.77,0.3,,,,0.76,0.812121209090909,0.8954444433333333,0.8954444433333333,0.8954444433333333,-27.410348588423304,0.8806800233047304
Wartortle,019bffab-58b9-77cf-912b-91847f21db48,171/165,SV: Scarlet & Violet 151,Illustration Rare,Holofoil,37.0,76.24,72.645,71.49,73.8,70.212142,67.92752999999999,64.844284,65.53635,75.58,70.31871,5438.0,368.0,5070.0,-2.3100000000000023,67.99,63.745,64.99,64.97,74.99,66.0,,,,70.0,71.49714285714286,69.03158333333333,69.03158333333333,69.03158333333333,6.9075869861500605,6.210659976305601
Wartortle,019c3ac3-ec70-77fb-8940-4f2a5fbc2d49,008/165,SV: Scarlet & Violet 151,Uncommon,Normal,37.0,76.24,1.49,2.69,0.29,1.3128572200000002,1.078923175,2.357143,1.8955883,0.26857144,0.26225805,4145.0,65.0,4080.0,2.4,2.69,2.69,2.34,1.94,2.69,0.2,,,,0.3,0.9566666666666667,0.8535483870967739,0.8535483870967739,0.8535483870967739,-66.02418745275887,0.9286640884880345
Blastoise,019bffa9-14a4-732a-bc78-246a146b9430,009/165,SV: Scarlet & Violet 151,Double Rare,Holofoil,6.0,96.7,2.06,1.98,2.14,2.50107145,2.4677420000000003,2.9835715,2.9809678,2.0185714,1.9545162,38541.0,834.0,37707.0,-0.1600000000000001,1.98,2.99,2.99,2.99,1.98,1.8,,,,3.71,2.5416889749999996,2.5373835866666665,2.5373835866666665,2.5373835866666665,-15.661155402550108,0.7259699201597171
Blastoise,019bffab-58b9-77cf-912b-472e246c214c,184/165,SV: Scarlet & Violet 151,Ultra Rare,Holofoil,6.0,96.7,27.8366665,26.223333,29.45,26.2853575,26.970396,24.283571,25.772083,28.287144,28.168709,5227.0,277.0,4950.0,-3.226666999999999,23.99,25.34,26.315,25.72,29.0,26.99,,,,26.99,27.993471916666664,27.9367221,27.9367221,27.9367221,5.416805502747219,3.574334027860569
Blastoise,019bffab-58b9-77cf-912b-b20ca9d1ce55,200/165,SV: Scarlet & Violet 151,Special Illustration Rare,Holofoil,6.0,96.7,157.075,160.85,153.3,149.77321,152.67765,145.995,150.37982,153.55142,154.97548,4891.0,473.0,4418.0,7.549999999999983,150.0,140.0,148.875,151.5,171.7,140.0,,,,149.99,152.41035714285712,154.2499680645161,154.2499680645161,154.2499680645161,-0.6158627301101084,9.987838909415261
Caterpie,019bffa9-14a4-732a-bc78-443840fa5c9f,010/165,SV: Scarlet & Violet 151,Common,Reverse_Holofoil,112.0,26.74,0.8,1.32,0.28,0.88285715,0.869838715,1.47,1.47,0.2957143,0.26967743,4493.0,43.0,4450.0,1.04,1.32,1.32,1.555,1.39,1.32,0.15,,,,0.29,0.4055555555555556,0.4276666666666666,0.4276666666666666,0.4276666666666666,-34.52844894777862,0.4232035731983085
Caterpie,019bffab-58b9-77cf-912b-48a12d7554db,172/165,SV: Scarlet & Violet 151,Illustration Rare,Holofoil,112.0,26.74,18.05,17.5,18.6,18.083928,18.3930025,18.370714,18.61923,17.797142,18.166775,7041.0,445.0,6596.0,-1.1000000000000014,17.5,18.99,18.0,18.5,17.5,17.96,,,,18.15,18.173523857142857,18.645061133333332,18.645061133333332,18.645061133333332,-0.24167865694347906,1.2945370056835184
Caterpie,019c3ac3-ec70-77fb-8940-63f4f6d4510e,010/165,SV: Scarlet & Violet 151,Common,Normal,112.0,26.74,0.5850000000000001,1.08,0.09,0.7107142550000001,0.7261520450000001,1.3271428,1.3271428,0.09428571,0.12516129,4898.0,30.0,4868.0,0.99,1.08,1.08,1.035,1.25,1.08,0.02,,,,0.25,0.1,0.342258064516129,0.342258064516129,0.342258064516129,-73.70405278039584,0.5387312853821118
Metapod,019bffa9-14a4-732a-bc78-49c947747c29,011/165,SV: Scarlet & Violet 151,Common,Reverse_Holofoil,145.0,4.96,4.82,2.99,6.65,3.6321428,2.9252311,2.9757142,2.7643332,4.2885714,3.086129,5568.0,110.0,5458.0,-3.66,2.99,2.99,3.275,2.8,2.99,3.64,,,,3.64,3.928000000000001,3.131935483870967,3.131935483870967,3.131935483870967,112.32876712328772,1.0551000564080442
Metapod,019c3ac3-ec70-77fb-8940-6498cbe1e4ff,011/165,SV: Scarlet & Violet 151,Common,Normal,145.0,4.96,2.475,4.74,0.21,2.22657158,2.23138725,4.2660003,4.2660003,0.18714286,0.1967742,1667.0,62.0,1605.0,4.53,4.74,4.74,3.87,4.74,4.74,0.12,,,,0.79,0.6922222222222222,0.8723333333333334,0.8723333333333334,0.8723333333333334,-75.92663354986627,1.6050280550418001
Butterfree,019bffa9-14a4-732a-bc78-4ce9714e9ab2,012/165,SV: Scarlet & Violet 151,Uncommon,Reverse_Holofoil,56.0,63.7,0.88,1.5,0.26,0.24428572,0.27870968,,,0.24428572,0.27870968,4761.0,67.0,4694.0,1.24,1.5,1.995,1.995,2.04,1.5,0.18,,,,0.34,0.598,0.6013333333333333,0.6013333333333333,0.6013333333333333,149.4456762749446,0.702221761481977
Butterfree,019c3ac3-ec70-77fb-8940-6a528f29acff,012/165,SV: Scarlet & Violet 151,Uncommon,Normal,56.0,63.7,0.71,1.25,0.17,0.79660714,0.80584678,1.4475,1.4475,0.14571428,0.16419356,4931.0,34.0,4897.0,1.08,1.25,1.25,1.22,1.34,1.25,0.4,,,,0.4,0.14,0.23800000000000002,0.23800000000000002,0.23800000000000002,-28.57142857142857,0.27656015121737854
Weedle,019bffa9-14a4-732a-bc78-53cf94185790,013/165,SV: Scarlet & Violet 151,Common,Reverse_Holofoil,143.0,6.28,1.115,1.99,0.24,0.98214282,0.981843275,1.7014285,1.7014285,0.26285714,0.26225805,3992.0,40.0,3952.0,1.75,1.49,2.1,2.1,1.49,2.49,0.2,,,,0.4,0.622,0.5123333333333333,0.5123333333333333,0.5123333333333333,-53.1554977228367,0.5947452849943314
Weedle,019c3ac3-ec70-77fb-8940-6deb45a91cce,013/165,SV: Scarlet & Violet 151,Common,Normal,143.0,6.28,1.4,2.67,0.13,0.927232145,0.92985887,1.73875,1.73875,0.11571429,0.12096774,1855.0,22.0,1833.0,2.54,2.67,2.67,2.67,1.98,2.67,0.01,,,,0.25,0.40111111111111114,0.368,0.368,0.368,-64.67391304347827,0.6718330560283662
Kakuna,019bffa9-14a4-732a-bc78-5634c77c4624,014/165,SV: Scarlet & Violet 151,Common,Reverse_Holofoil,149.0,2.32,2.745,2.82,2.67,3.17428575,3.16338715,3.1257143,2.91,3.2228572,3.4167743,5250.0,109.0,5141.0,0.1499999999999999,2.69,3.515,2.99,2.97,2.95,1.15,,,,2.77,3.396,3.3256666666666663,3.3256666666666663,3.3256666666666663,-19.7153452941766,0.6963336662209028
Kakuna,019c3ac3-ec70-77fb-8940-73139cade4b3,014/165,SV: Scarlet & Violet 151,Common,Normal,149.0,2.32,0.89,1.57,0.21,0.8757142600000001,0.932940475,1.5671428,1.6784616,0.18428572,0.18741935,1592.0,66.0,1526.0,1.36,1.57,1.535,1.5,1.57,1.57,0.4,,,,0.4,0.18,0.4726666666666668,0.4726666666666668,0.4726666666666668,-55.57122708039495,0.6025573850670578
Beedrill,019bffa9-14a4-732a-bc78-5a801a50a796,015/165,SV: Scarlet & Violet 151,Rare,Reverse_Holofoil,81.0,47.2,2.575,1.99,3.16,2.745,1.97360715,2.1914287,2.128182,3.2985713,1.8190323,5376.0,115.0,5261.0,-1.1700000000000002,1.99,1.99,1.99,1.99,1.99,1.5,,,,2.0,3.183333333333333,2.044731183870968,2.044731183870968,2.044731183870968,54.54354219891484,0.963651052573206
Beedrill,019c3ac3-ec70-77fb-8940-74ed7983c636,015/165,SV: Scarlet & Violet 151,Rare,Holofoil,81.0,47.2,0.885,1.49,0.28,1.08285714,1.007562065,1.89,1.7557693,0.27571428,0.25935483,7686.0,82.0,7604.0,1.21,1.49,1.39,1.735,1.57,1.49,0.28,,,,0.28,1.03,0.8301666666666667,0.8301666666666667,0.8301666666666667,-66.27183296526802,0.8446285485688199
Pidgey,019bffa9-14a4-732a-bc78-5d5540e2b6b5,016/165,SV: Scarlet & Violet 151,Common,Reverse_Holofoil,113.0,26.08,0.895,1.5,0.29,1.11285715,1.07453082,1.9257143,1.8445455,0.3,0.30451614,5646.0,86.0,5560.0,1.21,1.5,1.5,1.94,1.89,1.5,0.1,,,,0.32,0.8016666666666667,0.7466666666666666,0.7466666666666666,0.7466666666666666,-61.16071428571428,0.7724182060629275
Pidgey,019c3ac3-ec70-77fb-8940-7988d6750108,016/165,SV: Scarlet & Violet 151,Common,Normal,113.0,26.08,0.4599999999999999,0.72,0.2,0.717321425,0.712298385,1.2175,1.2175,0.21714285,0.20709677,11214.0,36.0,11178.0,0.52,0.72,0.72,0.72,1.25,0.72,0.2,,,,0.2,0.2733333333333333,0.3453333333333333,0.3453333333333333,0.3453333333333333,-42.08494208494208,0.36934922576704105
Pidgey,019bffa9-14a4-732a-bc78-634cdad182b5,017/165,SV: Scarlet & Violet 151,Common,Reverse_Holofoil,113.0,26.08,3.305,2.96,3.65,3.29214275,3.580732,2.982857,3.613077,3.6014285,3.548387,6003.0,122.0,5881.0,-0.69,2.96,3.28,2.96,3.0,2.96,4.99,,,,5.88,3.4109090909090907,3.4948888933333335,3.4948888933333335,3.4948888933333335,4.438227119681779,0.5094439399933164
Pidgey,019bffa9-14a4-732a-bc78-66ac961e9fd8,018/165,SV: Scarlet & Violet 151,Uncommon,Reverse_Holofoil,113.0,26.08,0.7025,1.105,0.3,1.074642865,1.08456746,1.8707143,1.8659091,0.27857143,0.30322582,4545.0,57.0,4488.0,0.8049999999999999,0.72,1.49,1.49,1.75,1.49,0.29,,,,0.31,0.4845,0.5780645161290323,0.5780645161290323,0.5780645161290323,-48.102678571428584,0.5905459019971194
Pidgey,019c3ac3-ec70-77fb-8940-7c6de8279b3e,017/165,SV: Scarlet & Violet 151,Common,Normal,113.0,26.08,2.385,4.49,0.28,1.481845225,1.4923521400000002,2.6808333,2.6808333,0.28285715,0.30387098,11312.0,63.0,11249.0,4.21,4.49,2.745,1.0,2.49,4.49,0.3,,,,0.31,0.7981818181818181,0.5396666666666666,0.5396666666666666,0.5396666666666666,-48.11612106238418,0.8132119515605508
Pidgey,019c3ac3-ec70-77fb-8940-811d1995bd60,018/165,SV: Scarlet & Violet 151,Uncommon,Normal,113.0,26.08,0.5549999999999999,0.99,0.12,0.940357145,0.94491935,1.745,1.745,0.13571429,0.1448387,4668.0,37.0,4631.0,0.87,0.99,0.99,0.99,1.5,0.99,0.12,,,,0.25,0.1375,0.263,0.263,0.263,-54.372623574144484,0.37065784947753416
Pidgeotto,019bffa9-14a4-732a-bc78-634cdad182b5,017/165,SV: Scarlet & Violet 151,Common,Reverse_Holofoil,69.0,55.12,3.305,2.96,3.65,3.29214275,3.580732,2.982857,3.613077,3.6014285,3.548387,6003.0,122.0,5881.0,-0.69,2.96,3.28,2.96,3.0,2.96,4.99,,,,5.88,3.4109090909090907,3.4948888933333335,3.4948888933333335,3.4948888933333335,4.438227119681779,0.5094439399933164
Pidgeotto,019c3ac3-ec70-77fb-8940-7c6de8279b3e,017/165,SV: Scarlet & Violet 151,Common,Normal,69.0,55.12,2.385,4.49,0.28,1.481845225,1.4923521400000002,2.6808333,2.6808333,0.28285715,0.30387098,11312.0,63.0,11249.0,4.21,4.49,2.745,1.0,2.49,4.49,0.3,,,,0.31,0.7981818181818181,0.5396666666666666,0.5396666666666666,0.5396666666666666,-48.11612106238418,0.8132119515605508
Pidgeotto,019bffa9-14a4-732a-bc78-66ac961e9fd8,018/165,SV: Scarlet & Violet 151,Uncommon,Reverse_Holofoil,69.0,55.12,0.7025,1.105,0.3,1.074642865,1.08456746,1.8707143,1.8659091,0.27857143,0.30322582,4545.0,57.0,4488.0,0.8049999999999999,0.72,1.49,1.49,1.75,1.49,0.29,,,,0.31,0.4845,0.5780645161290323,0.5780645161290323,0.5780645161290323,-48.102678571428584,0.5905459019971194
Pidgeotto,019c3ac3-ec70-77fb-8940-811d1995bd60,018/165,SV: Scarlet & Violet 151,Uncommon,Normal,69.0,55.12,0.5549999999999999,0.99,0.12,0.940357145,0.94491935,1.745,1.745,0.13571429,0.1448387,4668.0,37.0,4631.0,0.87,0.99,0.99,0.99,1.5,0.99,0.12,,,,0.25,0.1375,0.263,0.263,0.263,-54.372623574144484,0.37065784947753416
Pidgeot,019bffa9-14a4-732a-bc78-66ac961e9fd8,018/165,SV: Scarlet & Violet 151,Uncommon,Reverse_Holofoil,34.0,78.22,0.7025,1.105,0.3,1.074642865,1.08456746,1.8707143,1.8659091,0.27857143,0.30322582,4545.0,57.0,4488.0,0.8049999999999999,0.72,1.49,1.49,1.75,1.49,0.29,,,,0.31,0.4845,0.5780645161290323,0.5780645161290323,0.5780645161290323,-48.102678571428584,0.5905459019971194
Pidgeot,019c3ac3-ec70-77fb-8940-811d1995bd60,018/165,SV: Scarlet & Violet 151,Uncommon,Normal,34.0,78.22,0.5549999999999999,0.99,0.12,0.940357145,0.94491935,1.745,1.745,0.13571429,0.1448387,4668.0,37.0,4631.0,0.87,0.99,0.99,0.99,1.5,0.99,0.12,,,,0.25,0.1375,0.263,0.263,0.263,-54.372623574144484,0.37065784947753416
Pidgeot,019bffa9-14a4-732a-bc78-634cdad182b5,017/165,SV: Scarlet & Violet 151,Common,Reverse_Holofoil,34.0,78.22,3.305,2.96,3.65,3.29214275,3.580732,2.982857,3.613077,3.6014285,3.548387,6003.0,122.0,5881.0,-0.69,2.96,3.28,2.96,3.0,2.96,4.99,,,,5.88,3.4109090909090907,3.4948888933333335,3.4948888933333335,3.4948888933333335,4.438227119681779,0.5094439399933164
Pidgeot,019c3ac3-ec70-77fb-8940-7c6de8279b3e,017/165,SV: Scarlet & Violet 151,Common,Normal,34.0,78.22,2.385,4.49,0.28,1.481845225,1.4923521400000002,2.6808333,2.6808333,0.28285715,0.30387098,11312.0,63.0,11249.0,4.21,4.49,2.745,1.0,2.49,4.49,0.3,,,,0.31,0.7981818181818181,0.5396666666666666,0.5396666666666666,0.5396666666666666,-48.11612106238418,0.8132119515605508
Rattata,019bffa9-14a4-732a-bc78-6b1be8ee84cb,019/165,SV: Scarlet & Violet 151,Common,Reverse_Holofoil,150.0,1.66,1.17,2.08,0.26,1.35671428,1.34922581,2.452,2.452,0.26142856,0.24645162,3812.0,33.0,3779.0,1.82,2.08,2.08,2.08,1.77,2.08,0.29,,,,0.3,0.4655555555555556,0.6113333333333336,0.6113333333333336,0.6113333333333336,-57.47001090512542,1.1239853150756673
Rattata,019c3ac3-ec70-77fb-8940-86c6e61b75d8,019/165,SV: Scarlet & Violet 151,Common,Normal,150.0,1.66,0.535,0.99,0.08,0.71714285,0.7227880124999999,1.3542857,1.3542857,0.08,0.091290325,4009.0,23.0,3986.0,0.91,0.99,0.99,0.99,1.25,0.99,0.08,,,,0.08,0.08,0.22699999999999998,0.22699999999999998,0.22699999999999998,-64.75770925110132,0.361177671437241
Raticate,019bffa9-14a4-732a-bc78-6c96b4f92d31,020/165,SV: Scarlet & Violet 151,Uncommon,Reverse_Holofoil,146.0,4.3,0.505,0.72,0.29,0.8949999799999999,0.867419355,1.5285714,1.52,0.26142856,0.21483871,3716.0,34.0,3682.0,0.43,0.72,1.66,1.325,1.46,0.72,0.29,,,,0.3,0.5527272727272727,0.5236666666666666,0.5236666666666666,0.5236666666666666,-44.62126034373011,0.660796193387494
Raticate,019c3ac3-ec70-77fb-8940-8a3aa70367cb,020/165,SV: Scarlet & Violet 151,Uncommon,Normal,146.0,4.3,0.925,1.74,0.11,0.81142857,0.806935485,1.52,1.52,0.10285714,0.09387097,3966.0,25.0,3941.0,1.63,1.5,1.5,1.5,1.5,1.98,0.11,,,,0.11,0.10125,0.19666666666666668,0.19666666666666668,0.19666666666666668,-44.067796610169495,0.38863450903026536
Spearow,019bffa9-14a4-732a-bc78-73aa5b0732a0,021/165,SV: Scarlet & Violet 151,Common,Reverse_Holofoil,147.0,3.64,1.73,1.99,1.47,2.1332143,2.0460551,2.895,2.7879167,1.3714286,1.3041935,4953.0,105.0,4848.0,0.52,1.99,1.99,2.475,2.295,1.99,1.25,,,,2.16,1.859615384615385,1.6898333333333335,1.6898333333333335,1.6898333333333335,-13.009172502219165,0.8740497138600589
Spearow,019c3ac3-ec70-77fb-8940-8c16c4695204,021/165,SV: Scarlet & Violet 151,Common,Normal,147.0,3.64,1.415,2.69,0.14,0.8605,0.86533871,1.621,1.621,0.1,0.10967742,3875.0,57.0,3818.0,2.55,2.69,2.69,2.69,1.29,2.69,0.1,,,,0.1,0.38333333333333336,0.3268333333333333,0.3268333333333333,0.3268333333333333,-57.16471188169301,0.595677654286353
Fearow,019bffa9-14a4-732a-bc78-7528b0c15c7d,022/165,SV: Scarlet & Violet 151,Uncommon,Reverse_Holofoil,130.0,14.86,0.63,0.99,0.27,0.25285715,0.21612903,,,0.25285715,0.21612903,3633.0,39.0,3594.0,0.72,0.99,0.99,0.99,0.99,0.99,0.24,,,,0.3,0.3266666666666667,0.24333333333333335,0.24333333333333335,0.24333333333333335,10.958904109589044,0.14408650020119818
Fearow,019c3ac3-ec70-77fb-8940-92770f3a07d1,022/165,SV: Scarlet & Violet 151,Uncommon,Normal,130.0,14.86,1.085,1.98,0.19,0.826428575,0.81451613,1.49,1.49,0.16285715,0.13903226,3586.0,15.0,3571.0,1.79,1.98,1.98,1.98,1.0,1.98,0.15,,,,0.15,0.16125,0.141,0.141,0.141,34.75177304964541,0.036232010994280396
Ekans,019bffaa-1a46-7583-8090-cd24f34aba9a,023/165,SV: Scarlet & Violet 151,Common,Reverse_Holofoil,128.0,16.18,1.02,1.73,0.31,1.22380956,1.223924765,2.1633334,2.1633334,0.28428572,0.28451613,4142.0,50.0,4092.0,1.42,1.73,1.73,1.86,2.14,1.73,0.29,,,,0.6,0.596,0.5806451612903225,0.5806451612903225,0.5806451612903225,-46.6111111111111,0.7053884768167158
Ekans,019c3ac3-ec71-70da-b908-40d96cd551e8,023/165,SV: Scarlet & Violet 151,Common,Normal,128.0,16.18,1.005,1.89,0.12,1.11976182,1.127365505,2.1266665,2.1266665,0.11285714,0.12806451,5014.0,21.0,4993.0,1.77,1.89,1.89,1.89,1.89,1.89,0.12,,,,0.12,0.46900000000000003,0.3313333333333333,0.3313333333333333,0.3313333333333333,-63.78269617706237,0.6183890825938508
Ekans,019bffab-58b9-77cf-912c-e5432028d157,,SV: Scarlet & Violet 151,,Normal,128.0,16.18,,,,,,,,,,,,,,,,,,,,,,,,,,,,,
Arbok,019bffaa-1a46-7583-8090-d1faf22a2234,024/165,SV: Scarlet & Violet 151,Double Rare,Holofoil,74.0,51.82,2.05,2.62,1.48,2.1467857,2.02277295,2.8535714,2.6703846,1.44,1.3751613,11366.0,268.0,11098.0,1.14,2.62,3.48,3.48,2.49,2.62,0.88,,,,2.76,2.105166666666667,2.115026883870968,2.115026883870968,2.115026883870968,-30.024530123642112,0.9372981420578076
Arbok,019bffab-58b9-77cf-912b-400aa8c3efe5,185/165,SV: Scarlet & Violet 151,Ultra Rare,Holofoil,74.0,51.82,9.925,9.37,10.48,9.158928,9.30178975,8.352142,8.765192,9.965714,9.8383875,6154.0,339.0,5815.0,-1.1100000000000012,9.37,9.37,7.995,8.0,9.37,6.99,,,,12.99,9.22363095,9.204722226666668,9.204722226666668,9.204722226666668,13.854603560320063,1.220031546714383
Pikachu,019bffaa-1a45-759c-ad81-09a7881c5ab9,173/165,SV: Scarlet & Violet 151,Illustration Rare,Holofoil,27.0,82.84,88.6625,83.975,93.35,84.714285,83.71522,79.21571,81.14367,90.21286,86.28677,5886.0,518.0,5368.0,-9.375,73.55,80.96,80.0,80.0,90.45,93.35,,,,93.35,86.0241667142857,85.42227759999999,85.42227759999999,85.42227759999999,9.280626345650154,4.394547085292373
Pikachu,019bffab-58b9-77cf-912b-7dfea1660f06,025/165,SV: Scarlet & Violet 151,Common,Reverse_Holofoil,27.0,82.84,1.66,2.49,0.83,2.0489285,1.6545255499999998,3.277857,2.7164705,0.82,0.5925806,9640.0,70.0,9570.0,1.66,2.49,4.24,2.995,2.49,2.49,0.5,,,,1.47,1.51,1.403166666666667,1.403166666666667,1.403166666666667,-40.84808171991924,1.3281439494929428
Pikachu,019c3ac3-ec71-70da-b90a-53f1fb1a8b48,025/165,SV: Scarlet & Violet 151,Common,Normal,27.0,82.84,0.615,0.99,0.24,0.939999985,0.8940806499999999,1.6228571,1.533,0.25714287,0.2551613,15957.0,46.0,15911.0,0.75,0.99,1.18,1.18,1.49,0.99,0.03,,,,0.39,0.33222222222222225,0.4673333333333334,0.4673333333333334,0.4673333333333334,-48.644793152639096,0.5020024270674487
Raichu,019bffaa-1a46-7583-8090-d6777461cd8e,026/165,SV: Scarlet & Violet 151,Rare,Reverse_Holofoil,28.0,82.18,2.5825,3.445,1.72,1.9603572,1.94036295,2.3678572,2.4275,1.5528572,1.4532259,5910.0,116.0,5794.0,1.725,1.99,2.97,2.87,1.99,4.9,1.49,,,,2.61,1.9695454545454545,1.6625,1.6625,1.6625,3.4586466165413463,0.5274250232709989
Raichu,019c3ac3-ec71-70da-b908-455bdc861f62,026/165,SV: Scarlet & Violet 151,Rare,Holofoil,28.0,82.18,1.02,1.75,0.29,1.04642858,1.08168885,1.7957143,1.8917648,0.29714286,0.2716129,10146.0,148.0,9998.0,1.46,1.75,1.87,1.75,1.7,1.75,0.3,,,,0.3,0.607,0.7999462387096773,0.7999462387096773,0.7999462387096773,-63.7475637778142,0.7947851452217971
Sandshrew,019bffaa-1a46-7583-8090-df948bd11002,027/165,SV: Scarlet & Violet 151,Common,Reverse_Holofoil,73.0,52.48,0.925,1.57,0.28,0.92821425,0.944385075,1.5621428,1.628125,0.2942857,0.26064515,3757.0,51.0,3706.0,1.29,1.57,1.57,1.57,1.57,1.57,0.24,,,,0.29,0.5605,0.47145161290322585,0.47145161290322585,0.47145161290322585,-40.608963393773514,0.4968319527237674
Sandshrew,019c3ac3-ec71-70da-b908-4b059dfcd16d,027/165,SV: Scarlet & Violet 151,Common,Normal,73.0,52.48,0.525,0.91,0.14,0.700535715,0.69592742,1.2825,1.2825,0.11857143,0.10935484,1828.0,26.0,1802.0,0.77,0.91,0.91,0.91,1.12,0.91,0.01,,,,0.25,0.1125,0.19766666666666666,0.19766666666666666,0.19766666666666666,-29.17369308600336,0.36774882107533513
Sandshrew,019bffab-58b9-77cf-912c-f2c9e73ab5c6,,SV: Scarlet & Violet 151,,Normal,73.0,52.48,,,,,,,,,,,,,,,,,,,,,,,,,,,,,
Sandslash,019bffaa-1a46-7583-8090-e2488c322697,028/165,SV: Scarlet & Violet 151,Uncommon,Reverse_Holofoil,52.0,66.34,0.855,1.45,0.26,1.037857175,1.032557635,1.7928572,1.7928572,0.28285715,0.27225807,3953.0,54.0,3899.0,1.19,1.45,1.45,1.45,1.7,1.45,0.29,,,,0.29,0.41111111111111115,0.44099999999999995,0.44099999999999995,0.44099999999999995,-41.04308390022675,0.5385955555087631
Sandslash,019c3ac3-ec71-70da-b908-4df4632b8b08,028/165,SV: Scarlet & Violet 151,Uncommon,Normal,52.0,66.34,1.005,1.89,0.12,0.915714285,0.919677415,1.71,1.71,0.12142857,0.12935483,3675.0,28.0,3647.0,1.77,1.89,1.89,1.89,1.88,1.89,0.02,,,,0.02,0.1225,0.189,0.189,0.189,-36.50793650793651,0.3223978052462302
Nidoran F,019bffaa-1a46-7583-8090-e7ca8155cdb9,029/165,SV: Scarlet & Violet 151,Common,Reverse_Holofoil,105.0,31.36,2.165,1.99,2.34,2.62071425,2.44571685,2.9,2.8011112,2.3414285,2.0903225,5290.0,43.0,5247.0,-0.3499999999999998,1.99,1.99,2.0,2.99,1.99,2.0,,,,3.35,2.305555555555556,2.313666666666666,2.313666666666666,2.313666666666666,1.1381645296067135,0.4580504665264052
Nidoran F,019c3ac3-ec71-70da-b908-515a8cd86b77,029/165,SV: Scarlet & Violet 151,Common,Normal,105.0,31.36,1.1,1.98,0.22,1.03035714,1.021370965,1.835,1.835,0.22571428,0.20774193,5289.0,21.0,5268.0,1.76,1.98,1.98,1.835,1.835,1.98,0.19,,,,0.19,0.41555555555555557,0.31666666666666676,0.31666666666666676,0.31666666666666676,-30.526315789473706,0.4150723520920953
Nidoran F,019bffaa-1a46-7583-8090-f28984131f28,032/165,SV: Scarlet & Violet 151,Common,Reverse_Holofoil,105.0,31.36,3.265,3.79,2.74,3.0142858,3.14274205,3.3185716,3.3600001,2.71,2.925484,5220.0,46.0,5174.0,1.0499999999999998,3.79,3.14,3.39,3.32,3.79,2.87,,,,4.25,2.813636363636364,2.9716666666666662,2.9716666666666662,2.9716666666666662,-7.795849691531107,0.36003911026378815
Nidoran F,019c3ac3-ec71-70da-b908-5e532350620b,032/165,SV: Scarlet & Violet 151,Common,Normal,105.0,31.36,1.12,1.98,0.26,1.49857143,1.49516129,2.76,2.76,0.23714286,0.23032258,5220.0,27.0,5193.0,1.72,1.98,2.83,2.62,2.62,1.98,0.26,,,,0.26,0.920909090909091,0.48499999999999993,0.48499999999999993,0.48499999999999993,-46.39175257731958,0.8041262124301393
Nidorina,019bffaa-1a46-7583-8090-ea086d4d835d,030/165,SV: Scarlet & Violet 151,Uncommon,Reverse_Holofoil,104.0,32.02,0.96,1.66,0.26,1.233571435,1.2135483850000002,2.1757143,2.14,0.29142857,0.28709677,4236.0,49.0,4187.0,1.4,1.66,1.66,1.58,1.89,1.66,0.25,,,,0.3,0.5640000000000001,0.6080645161290322,0.6080645161290322,0.6080645161290322,-57.24137931034482,0.7438432601690524
Nidorina,019c3ac3-ec71-70da-b908-56d3f7efbe5b,030/165,SV: Scarlet & Violet 151,Uncommon,Normal,104.0,32.02,1.0,1.88,0.12,1.006130985,1.01235218,1.8808334,1.8808334,0.13142857,0.14387096,4175.0,32.0,4143.0,1.7599999999999998,1.88,1.88,1.88,1.88,1.88,0.12,,,,0.12,0.1325,0.1446666666666667,0.1446666666666667,0.1446666666666667,-17.050691244239648,0.018332810859848756
Nidorina,019bffaa-1a46-7583-8090-f73efebea9db,033/165,SV: Scarlet & Violet 151,Uncommon,Reverse_Holofoil,104.0,32.02,1.01,1.75,0.27,1.15428575,1.1425576249999998,2.0228572,2.0228572,0.2857143,0.26225805,4118.0,48.0,4070.0,1.48,1.75,1.75,1.75,1.75,1.75,0.29,,,,0.3,0.44222222222222224,0.352,0.352,0.352,-23.295454545454536,0.34267104966113215
Nidorina,019c3ac3-ec71-70da-b908-6133c2310919,033/165,SV: Scarlet & Violet 151,Uncommon,Normal,104.0,32.02,1.025,1.89,0.16,0.87999998,0.85763929,1.6028571,1.5481818,0.15714286,0.16709678,4391.0,29.0,4362.0,1.73,1.89,1.89,1.89,1.65,1.89,0.25,,,,0.25,0.15875,0.22322580645161288,0.22322580645161288,0.22322580645161288,-28.32369942196531,0.3105198554765239
Nidoqueen,019bffaa-1a46-7583-8090-ece3a5221882,031/165,SV: Scarlet & Violet 151,Uncommon,Reverse_Holofoil,54.0,65.02,0.9,1.5,0.3,1.06785713,1.0565054150000002,1.8385714,1.8133334,0.29714286,0.29967743,4628.0,48.0,4580.0,1.2,1.5,2.48,2.07,1.99,1.5,0.2,,,,0.29,0.29500000000000004,0.634,0.634,0.634,-52.6813880126183,0.6990959679570417
Nidoqueen,019c3ac3-ec71-70da-b908-58d9ae5daa5b,031/165,SV: Scarlet & Violet 151,Uncommon,Normal,54.0,65.02,1.11,2.0,0.22,1.04571429,1.036935485,1.92,1.92,0.17142858,0.15387097,4325.0,26.0,4299.0,1.78,2.0,2.0,2.0,1.88,2.0,0.25,,,,0.25,0.16625,0.21600000000000008,0.21600000000000008,0.21600000000000008,1.8518518518518143,0.33779814417325704
Nidoran M,019bffaa-1a46-7583-8090-f28984131f28,032/165,SV: Scarlet & Violet 151,Common,Reverse_Holofoil,91.0,40.6,3.265,3.79,2.74,3.0142858,3.14274205,3.3185716,3.3600001,2.71,2.925484,5220.0,46.0,5174.0,1.0499999999999998,3.79,3.14,3.39,3.32,3.79,2.87,,,,4.25,2.813636363636364,2.9716666666666662,2.9716666666666662,2.9716666666666662,-7.795849691531107,0.36003911026378815
Nidoran M,019c3ac3-ec71-70da-b908-5e532350620b,032/165,SV: Scarlet & Violet 151,Common,Normal,91.0,40.6,1.12,1.98,0.26,1.49857143,1.49516129,2.76,2.76,0.23714286,0.23032258,5220.0,27.0,5193.0,1.72,1.98,2.83,2.62,2.62,1.98,0.26,,,,0.26,0.920909090909091,0.48499999999999993,0.48499999999999993,0.48499999999999993,-46.39175257731958,0.8041262124301393
Nidoran M,019bffaa-1a46-7583-8090-e7ca8155cdb9,029/165,SV: Scarlet & Violet 151,Common,Reverse_Holofoil,91.0,40.6,2.165,1.99,2.34,2.62071425,2.44571685,2.9,2.8011112,2.3414285,2.0903225,5290.0,43.0,5247.0,-0.3499999999999998,1.99,1.99,2.0,2.99,1.99,2.0,,,,3.35,2.305555555555556,2.313666666666666,2.313666666666666,2.313666666666666,1.1381645296067135,0.4580504665264052
Nidoran M,019c3ac3-ec71-70da-b908-515a8cd86b77,029/165,SV: Scarlet & Violet 151,Common,Normal,91.0,40.6,1.1,1.98,0.22,1.03035714,1.021370965,1.835,1.835,0.22571428,0.20774193,5289.0,21.0,5268.0,1.76,1.98,1.98,1.835,1.835,1.98,0.19,,,,0.19,0.41555555555555557,0.31666666666666676,0.31666666666666676,0.31666666666666676,-30.526315789473706,0.4150723520920953
Nidorino,019bffaa-1a46-7583-8090-f73efebea9db,033/165,SV: Scarlet & Violet 151,Uncommon,Reverse_Holofoil,72.0,53.14,1.01,1.75,0.27,1.15428575,1.1425576249999998,2.0228572,2.0228572,0.2857143,0.26225805,4118.0,48.0,4070.0,1.48,1.75,1.75,1.75,1.75,1.75,0.29,,,,0.3,0.44222222222222224,0.352,0.352,0.352,-23.295454545454536,0.34267104966113215
Nidorino,019c3ac3-ec71-70da-b908-6133c2310919,033/165,SV: Scarlet & Violet 151,Uncommon,Normal,72.0,53.14,1.025,1.89,0.16,0.87999998,0.85763929,1.6028571,1.5481818,0.15714286,0.16709678,4391.0,29.0,4362.0,1.73,1.89,1.89,1.89,1.65,1.89,0.25,,,,0.25,0.15875,0.22322580645161288,0.22322580645161288,0.22322580645161288,-28.32369942196531,0.3105198554765239
Nidorino,019bffaa-1a46-7583-8090-ea086d4d835d,030/165,SV: Scarlet & Violet 151,Uncommon,Reverse_Holofoil,72.0,53.14,0.96,1.66,0.26,1.233571435,1.2135483850000002,2.1757143,2.14,0.29142857,0.28709677,4236.0,49.0,4187.0,1.4,1.66,1.66,1.58,1.89,1.66,0.25,,,,0.3,0.5640000000000001,0.6080645161290322,0.6080645161290322,0.6080645161290322,-57.24137931034482,0.7438432601690524
Nidorino,019c3ac3-ec71-70da-b908-56d3f7efbe5b,030/165,SV: Scarlet & Violet 151,Uncommon,Normal,72.0,53.14,1.0,1.88,0.12,1.006130985,1.01235218,1.8808334,1.8808334,0.13142857,0.14387096,4175.0,32.0,4143.0,1.7599999999999998,1.88,1.88,1.88,1.88,1.88,0.12,,,,0.12,0.1325,0.1446666666666667,0.1446666666666667,0.1446666666666667,-17.050691244239648,0.018332810859848756
Nidoking,019bffaa-1a46-7583-8090-f8086e4b3a7c,034/165,SV: Scarlet & Violet 151,Rare,Reverse_Holofoil,39.0,74.92,2.02,2.1,1.94,2.2864285,2.0657661,2.8085713,2.5725,1.7642857,1.5590322,5719.0,104.0,5615.0,0.1600000000000001,2.1,4.63,4.63,2.49,2.1,1.49,,,,4.99,2.3145454545454545,1.9966666666666666,1.9966666666666666,1.9966666666666666,-2.8380634390651074,0.8262225354956856
Nidoking,019bffab-58b9-77cf-912b-73a040defb54,174/165,SV: Scarlet & Violet 151,Illustration Rare,Holofoil,39.0,74.92,20.973333500000003,20.126667,21.82,21.4339285,21.2574445,20.377857,20.532309,22.49,21.98258,7189.0,431.0,6758.0,-1.693332999999999,16.76,19.99,19.995,20.0,22.5,10.89,,,,30.39,21.784359,22.127564548387095,22.127564548387095,22.127564548387095,-1.3899611397112104,2.1191802081644977
Nidoking,019c3ac3-ec71-70da-b908-661ae670ebe1,034/165,SV: Scarlet & Violet 151,Rare,Holofoil,39.0,74.92,1.135,1.99,0.28,1.1614286,1.14218548,2.0128572,1.9905,0.31,0.29387096,9110.0,101.0,9009.0,1.71,1.99,1.99,1.99,1.99,1.99,0.25,,,,0.4,0.9016666666666665,0.6993333333333334,0.6993333333333334,0.6993333333333334,-59.96186844613918,0.7453392346526805
Clefairy,019bffaa-1a46-7583-8090-ff63877180a7,035/165,SV: Scarlet & Violet 151,Common,Reverse_Holofoil,115.0,24.76,0.9,1.5,0.3,1.067142865,1.03883515,1.8557143,1.7844445,0.27857143,0.2932258,4552.0,49.0,4503.0,1.2,1.5,1.5,1.89,1.94,1.5,0.23,,,,0.52,0.562,0.5943333333333334,0.5943333333333334,0.5943333333333334,-49.52327537857544,0.6391464315159244
Clefairy,019c3ac3-ec71-70da-b908-6bbcc7277627,035/165,SV: Scarlet & Violet 151,Common,Normal,115.0,24.76,0.99,1.79,0.19,0.746547635,0.748091415,1.3616667,1.3616667,0.13142857,0.13451613,5335.0,43.0,5292.0,1.6,1.79,1.79,1.25,1.25,1.79,0.02,,,,0.39,0.13,0.34299999999999997,0.34299999999999997,0.34299999999999997,-44.60641399416909,0.5067690081153414
Clefable,019bffaa-1a46-7583-8091-00c38c35802d,036/165,SV: Scarlet & Violet 151,Uncommon,Reverse_Holofoil,117.0,23.44,1.065,1.83,0.3,0.99142855,0.98820275,1.7028571,1.7028571,0.28,0.2735484,4326.0,50.0,4276.0,1.53,1.57,1.66,1.66,1.79,2.09,0.25,,,,0.4,0.57,0.5760000000000001,0.5760000000000001,0.5760000000000001,-47.91666666666667,0.6217583519952603
Clefable,019c3ac3-ec71-70da-b908-6eec27e7b45e,036/165,SV: Scarlet & Violet 151,Uncommon,Normal,117.0,23.44,0.575,0.99,0.16,0.852261923,0.85938174,1.5816667,1.5816667,0.122857146,0.13709678,4631.0,36.0,4595.0,0.83,0.99,0.99,1.39,1.74,0.99,0.15,,,,0.25,0.378,0.3346666666666667,0.3346666666666667,0.3346666666666667,-52.19123505976096,0.539109951892826
Vulpix,019bffaa-1a46-7583-8091-060683cddf64,037/165,SV: Scarlet & Violet 151,Common,Reverse_Holofoil,40.0,74.26,1.14,1.99,0.29,1.00928572,0.99903226,1.69,1.69,0.32857144,0.30806452,4718.0,25.0,4693.0,1.7,1.99,1.99,1.99,1.78,1.99,0.25,,,,0.29,0.5133333333333332,0.44900000000000007,0.44900000000000007,0.44900000000000007,-35.412026726057924,0.4270698077476973
Vulpix,019c3ac3-ec71-70da-b908-72a68293964a,037/165,SV: Scarlet & Violet 151,Common,Normal,40.0,74.26,0.56,0.99,0.13,0.767857145,0.77241936,1.41,1.41,0.12571429,0.13483872,6158.0,20.0,6138.0,0.86,0.99,0.99,0.99,1.0,0.99,0.03,,,,0.25,0.13125,0.191,0.191,0.191,-31.93717277486911,0.21939336424755893
Ninetales,019bffaa-1a46-7583-8091-0b5a6df5fde1,038/165,SV: Scarlet & Violet 151,Double Rare,Holofoil,18.0,88.78,2.7466667,3.1933334,2.3,2.1700001,2.39958475,2.0242858,2.4998147,2.3157144,2.2993548,14861.0,370.0,14491.0,0.8933334000000004,1.7,1.77,2.49,2.74,4.39,2.02,,,,4.64,2.335000007142857,2.467344446666666,2.467344446666666,2.467344446666666,-6.782370693834228,0.669621031794597
Ninetales,019bffab-58b9-77cf-912b-76f115cad08a,186/165,SV: Scarlet & Violet 151,Ultra Rare,Holofoil,18.0,88.78,17.994999999999997,19.95,16.04,16.9078565,15.905734,17.647142,15.7805,16.168571,16.030968,5418.0,295.0,5123.0,3.91,19.95,14.5,16.245,15.0,19.95,15.67,,,,15.67,16.537692307692307,16.60066666666667,16.60066666666667,16.60066666666667,-3.3773744026344503,1.6207973417390915
Jigglypuff,019bffaa-1a46-7583-8091-0cc34a695942,039/165,SV: Scarlet & Violet 151,Common,Reverse_Holofoil,90.0,41.26,0.9125,1.515,0.31,1.33785707,1.2128656,2.352857,2.0976667,0.32285714,0.3280645,5425.0,91.0,5334.0,1.2049999999999998,1.39,1.515,1.515,1.99,1.64,0.29,,,,0.4,0.6075,0.9136666666666665,0.9136666666666665,0.9136666666666665,-66.07077708865377,0.9630527372437316
Jigglypuff,019c3ac3-ec71-70da-b908-77a704d8e58a,039/165,SV: Scarlet & Violet 151,Common,Normal,90.0,41.26,1.12,2.04,0.2,0.96749999,0.93882258,1.7635714,1.707,0.17142858,0.17064516,2709.0,51.0,2658.0,1.84,2.04,2.04,1.96,1.88,2.04,0.15,,,,0.25,0.532,0.4841666666666667,0.4841666666666667,0.4841666666666667,-58.69191049913941,0.6555335854166402
Wigglytuff,019bffaa-1a46-7583-8091-10aef4747ab2,040/165,SV: Scarlet & Violet 151,Double Rare,Holofoil,125.0,18.16,2.485,3.48,1.49,1.89964285,1.98238525,2.4607143,2.6205769,1.3385714,1.3441936,12341.0,278.0,12063.0,1.99,3.48,2.99,1.99,2.49,3.48,1.0,,,,2.99,1.866923076923077,1.954032258064516,1.954032258064516,1.954032258064516,-23.747420553033425,0.8158241429732663
Wigglytuff,019bffab-58b9-77cf-912b-9753e30dadcd,187/165,SV: Scarlet & Violet 151,Ultra Rare,Holofoil,125.0,18.16,10.185,9.34,11.03,9.281429,9.8998,8.765715,10.032826,9.797143,9.766774,6129.0,302.0,5827.0,-1.6899999999999995,9.09,9.09,9.09,9.59,9.59,6.0,,,,8.65,9.43576923076923,9.705666666666664,9.705666666666664,9.705666666666664,13.644949685750618,1.0747427385300117
Zubat,019bffaa-1a47-7762-8bb3-e0014c9923a6,041/165,SV: Scarlet & Violet 151,Common,Reverse_Holofoil,151.0,1.0,0.495,0.72,0.27,0.9228572,0.9074194,1.5600001,1.5600001,0.2857143,0.2548387,3870.0,38.0,3832.0,0.4499999999999999,0.72,0.72,1.145,1.57,0.72,0.29,,,,0.3,0.28125,0.3586666666666666,0.3586666666666666,0.3586666666666666,-24.721189591078044,0.34083804763060666
Zubat,019c3ac3-ec71-70da-b908-7a91382d1959,041/165,SV: Scarlet & Violet 151,Common,Normal,151.0,1.0,1.135,2.19,0.08,0.79166665,0.8024731,1.5033333,1.5033333,0.08,0.1016129,3849.0,17.0,3832.0,2.11,2.19,1.59,1.59,1.33,2.19,0.01,,,,0.25,0.07875,0.10133333333333332,0.10133333333333332,0.10133333333333332,-21.052631578947352,0.02687561814311836
Golbat,019bffaa-1a47-7762-8bb3-e50d7cdb6bf9,042/165,SV: Scarlet & Violet 151,Uncommon,Reverse_Holofoil,120.0,21.46,1.08,1.89,0.27,0.9164286,1.05950149,1.5371429,1.8354546,0.2957143,0.28354838,3836.0,41.0,3795.0,1.62,1.89,1.89,1.51,1.57,1.89,0.29,,,,0.3,0.579,0.8352222233333332,0.8352222233333332,0.8352222233333332,-67.6732739554699,0.901091159466516
Golbat,019c3ac3-ec71-70da-b908-7def55b68526,042/165,SV: Scarlet & Violet 151,Uncommon,Normal,120.0,21.46,0.5,0.91,0.09,0.08857143,0.10064516,,,0.08857143,0.10064516,3839.0,26.0,3813.0,0.8200000000000001,0.91,0.91,0.91,0.91,0.91,0.01,,,,0.25,0.09,0.12733333333333335,0.12733333333333335,0.12733333333333335,-29.319371727748706,0.148670738565957
Oddish,019bffaa-1a47-7762-8bb3-eb944c0c1960,043/165,SV: Scarlet & Violet 151,Common,Reverse_Holofoil,98.0,35.98,0.7966667,1.3433334,0.25,0.9292857,0.948729835,1.5885714,1.63875,0.27,0.25870967,3952.0,50.0,3902.0,1.0933334,0.99,1.29,1.39,1.5,1.75,0.22,,,,0.29,0.48133334000000005,0.5568817225806452,0.5568817225806452,0.5568817225806452,-55.1071637184508,0.5964872108793721
Oddish,019c3ac3-ec71-70da-b908-821e97e4de2c,043/165,SV: Scarlet & Violet 151,Common,Normal,98.0,35.98,0.81,1.49,0.13,0.6065714280000001,0.6147742,1.096,1.096,0.117142856,0.1335484,4994.0,27.0,4967.0,1.36,1.49,1.49,1.49,1.0,1.49,0.03,,,,0.25,0.27,0.29466666666666674,0.29466666666666674,0.29466666666666674,-55.882352941176485,0.374292282372584
Gloom,019bffaa-1a47-7762-8bb3-ed969950f828,044/165,SV: Scarlet & Violet 151,Uncommon,Reverse_Holofoil,135.0,11.56,1.49,2.69,0.29,1.12285715,1.1232258,1.96,1.96,0.2857143,0.2864516,4220.0,41.0,4179.0,2.4,2.69,2.68,1.7,1.845,2.69,0.29,,,,0.3,0.8463636363636364,0.5796666666666667,0.5796666666666667,0.5796666666666667,-49.97124784358827,0.6985476723708358
Gloom,019c3ac3-ec71-70da-b908-87a3f59a6bbd,044/165,SV: Scarlet & Violet 151,Uncommon,Normal,135.0,11.56,0.705,1.25,0.16,0.844047585,0.85026878,1.5366666,1.5366666,0.15142857,0.16387096,4121.0,25.0,4096.0,1.09,1.25,1.25,1.25,1.52,1.25,0.15,,,,0.25,0.2744444444444445,0.32258064516129037,0.32258064516129037,0.32258064516129037,-50.40000000000001,0.41935639371093
Vileplume,019bffaa-1a47-7762-8bb3-f09d214efc6d,045/165,SV: Scarlet & Violet 151,Rare,Reverse_Holofoil,79.0,48.52,1.29,1.5,1.08,1.4835714,1.480547315,1.9628571,2.044643,1.0042857,0.91645163,5323.0,121.0,5202.0,0.4199999999999999,1.5,1.5,1.78,1.99,1.5,1.12,,,,1.52,1.2463636363636366,1.3104838709677422,1.3104838709677422,1.3104838709677422,-17.587692307692322,0.567318774057275
Vileplume,019c3ac3-ec71-70da-b908-8b335a543949,045/165,SV: Scarlet & Violet 151,Rare,Holofoil,79.0,48.52,1.4075000000000002,2.535,0.28,1.146071465,1.098635715,2.0135715,1.9379166,0.27857143,0.25935483,7834.0,122.0,7712.0,2.255,1.59,2.535,1.79,1.99,3.48,0.19,,,,0.23,0.6515000000000001,0.7606666666666668,0.7606666666666668,0.7606666666666668,-63.190184049079754,0.8566843998343499
Vileplume,019bffab-58b9-77cf-912c-d0cd88375f4d,,SV: Scarlet & Violet 151,,Normal,79.0,48.52,,,,,,,,,,,,,,,,,,,,,,,,,,,,,
Paras,019bffaa-1a47-7762-8bb3-f597067433da,046/165,SV: Scarlet & Violet 151,Common,Reverse_Holofoil,148.0,2.98,1.115,1.99,0.24,1.049404775,1.0400269,1.8516667,1.8516667,0.24714285,0.2283871,3629.0,39.0,3590.0,1.75,1.99,1.99,1.99,1.99,1.99,0.2,,,,0.3,0.25,0.4546666666666666,0.4546666666666666,0.4546666666666666,-47.21407624633431,0.5863548021658802
Paras,019c3ac3-ec71-70da-b908-8e1cad4ddcb9,046/165,SV: Scarlet & Violet 151,Common,Normal,148.0,2.98,1.54,3.0,0.08,0.07571428,0.0683871,,,0.07571428,0.0683871,3475.0,15.0,3460.0,2.92,3.0,3.0,3.0,3.0,3.0,0.08,,,,0.08,0.07375000000000001,0.1653333333333333,0.1653333333333333,0.1653333333333333,-51.61290322580644,0.5355869054909141
Paras,019bffaa-1a47-7762-8bb3-f94c78502ffa,047/165,SV: Scarlet & Violet 151,Uncommon,Reverse_Holofoil,148.0,2.98,0.965,1.66,0.27,1.09964285,1.0973387,1.935,1.935,0.2642857,0.2596774,3819.0,42.0,3777.0,1.39,1.66,1.66,1.66,1.99,1.66,0.25,,,,0.29,0.41888888888888887,0.37133333333333324,0.37133333333333324,0.37133333333333324,-27.289048473967657,0.4440932903959625
Paras,019c3ac3-ec71-70da-b908-90b9ebb91380,047/165,SV: Scarlet & Violet 151,Uncommon,Normal,148.0,2.98,0.5800000000000001,1.07,0.09,0.81357148,0.82161295,1.5300001,1.5300001,0.09714286,0.1132258,3583.0,27.0,3556.0,0.98,1.07,1.07,1.07,1.07,1.07,0.01,,,,0.25,0.09875,0.1463333333333333,0.1463333333333333,0.1463333333333333,-38.496583143507955,0.1762342354570372
Parasect,019bffaa-1a47-7762-8bb3-f94c78502ffa,047/165,SV: Scarlet & Violet 151,Uncommon,Reverse_Holofoil,116.0,24.1,0.965,1.66,0.27,1.09964285,1.0973387,1.935,1.935,0.2642857,0.2596774,3819.0,42.0,3777.0,1.39,1.66,1.66,1.66,1.99,1.66,0.25,,,,0.29,0.41888888888888887,0.37133333333333324,0.37133333333333324,0.37133333333333324,-27.289048473967657,0.4440932903959625
Parasect,019c3ac3-ec71-70da-b908-90b9ebb91380,047/165,SV: Scarlet & Violet 151,Uncommon,Normal,116.0,24.1,0.5800000000000001,1.07,0.09,0.81357148,0.82161295,1.5300001,1.5300001,0.09714286,0.1132258,3583.0,27.0,3556.0,0.98,1.07,1.07,1.07,1.07,1.07,0.01,,,,0.25,0.09875,0.1463333333333333,0.1463333333333333,0.1463333333333333,-38.496583143507955,0.1762342354570372
Venonat,019bffaa-1a47-7762-8bb3-ffa185a08331,048/165,SV: Scarlet & Violet 151,Common,Reverse_Holofoil,84.0,45.22,1.115,2.0,0.23,1.03464282,1.034465725,1.8307142,1.863125,0.23857144,0.20580645,3746.0,51.0,3695.0,1.77,2.0,2.0,1.85,1.9,2.0,0.2,,,,0.29,0.23375,0.40177419354838717,0.40177419354838717,0.40177419354838717,-42.753914090726624,0.5242336444549268
Venonat,019c3ac3-ec71-70da-b908-9447b8079aa5,048/165,SV: Scarlet & Violet 151,Common,Normal,84.0,45.22,1.3,2.49,0.11,1.138214285,1.137661292,2.185,2.185,0.09142857,0.090322584,3463.0,25.0,3438.0,2.3800000000000003,2.49,2.49,2.49,1.88,2.49,0.05,,,,0.25,0.08875,0.08933333333333333,0.08933333333333333,0.08933333333333333,23.134328358208954,0.012576204496597129
Venomoth,019bffaa-1a47-7762-8bb4-018b7ed422a5,049/165,SV: Scarlet & Violet 151,Uncommon,Reverse_Holofoil,118.0,22.78,1.725,3.19,0.26,1.08571429,1.053665715,1.8657143,1.8163637,0.30571428,0.29096773,4133.0,60.0,4073.0,2.93,3.19,2.64,2.09,1.75,3.19,0.27,,,,0.32,0.771,0.7253333333333333,0.7253333333333333,0.7253333333333333,-64.15441176470587,0.7932722858768165
Venomoth,019c3ac3-ec71-70da-b908-987a7a55f3bb,049/165,SV: Scarlet & Violet 151,Uncommon,Normal,118.0,22.78,1.0,1.88,0.12,0.11,0.14903226,,,0.11,0.14903226,4059.0,24.0,4035.0,1.7599999999999998,1.88,1.88,1.88,1.88,1.88,0.12,,,,0.12,0.30777777777777776,0.20666666666666667,0.20666666666666667,0.20666666666666667,-41.935483870967744,0.31837229706780373
Diglett,019bffaa-1a47-7762-8bb4-04f4235620c7,050/165,SV: Scarlet & Violet 151,Common,Reverse_Holofoil,122.0,20.14,0.635,0.99,0.28,1.03258928,1.019294355,1.80375,1.80375,0.26142856,0.23483871,3622.0,48.0,3574.0,0.71,0.99,0.99,0.99,1.99,0.99,0.29,,,,0.31,0.45599999999999996,0.48816666666666675,0.48816666666666675,0.48816666666666675,-42.64254011608058,0.603141893486235
Diglett,019c3ac3-ec71-70da-b908-9c1d79750522,050/165,SV: Scarlet & Violet 151,Common,Normal,122.0,20.14,0.54,1.0,0.08,0.7321428550000001,0.7358064500000001,1.37,1.37,0.09428571,0.1016129,4372.0,19.0,4353.0,0.92,1.0,1.245,1.245,1.37,1.0,0.01,,,,0.01,0.09625,0.10299999999999998,0.10299999999999998,0.10299999999999998,-22.330097087378626,0.032710854467592254
Dugtrio,019bffaa-1a47-7762-8bb4-08a1df582042,051/165,SV: Scarlet & Violet 151,Uncommon,Reverse_Holofoil,97.0,36.64,0.6775,1.115,0.24,0.91714287,0.912488495,1.5914286,1.5914286,0.24285714,0.23354839,2137.0,35.0,2102.0,0.875,0.99,1.24,1.35,1.475,1.24,0.25,,,,0.25,0.24375,0.42919354838709683,0.42919354838709683,0.42919354838709683,-44.08117249154454,0.4710238790376301
Dugtrio,019c3ac3-ec71-70da-b908-a3cf77403051,051/165,SV: Scarlet & Violet 151,Uncommon,Normal,97.0,36.64,1.05,1.98,0.12,0.8474285730000001,0.849064515,1.572,1.572,0.122857146,0.12612903,3420.0,30.0,3390.0,1.86,1.98,1.98,1.935,1.89,1.98,0.01,,,,0.25,0.1225,0.27499999999999997,0.27499999999999997,0.27499999999999997,-56.36363636363636,0.4794303372502225
Meowth,019bffaa-1a47-7762-8bb4-0f75b7fbb4cd,052/165,SV: Scarlet & Violet 151,Common,Reverse_Holofoil,85.0,44.56,1.0,1.75,0.25,1.00035716,1.03168779,1.7464286,1.7982143,0.25428572,0.26516128,4496.0,79.0,4417.0,1.5,1.75,1.75,1.75,1.89,1.75,0.29,,,,0.3,0.5936363636363636,0.6608333333333333,0.6608333333333333,0.6608333333333333,-62.16897856242119,0.7077356843134128
Meowth,019c3ac3-ec71-70da-b908-a710e05b27b7,052/165,SV: Scarlet & Violet 151,Common,Normal,85.0,44.56,0.8975,1.615,0.18,0.9442857,0.96204298,1.7485714,1.7866666,0.14,0.13741936,5612.0,64.0,5548.0,1.435,1.49,1.74,1.745,1.75,1.74,0.15,,,,0.4,0.6204166666666667,0.5115,0.5115,0.5115,-64.80938416422288,0.7623321183189711
Meowth,019bffab-58b9-77cf-912c-e9d78a420c0f,,SV: Scarlet & Violet 151,,Normal,85.0,44.56,,,,,,,,,,,,,,,,,,,,,,,,,,,,,
Persian,019bffaa-1a47-7762-8bb4-117c6fc6985d,053/165,SV: Scarlet & Violet 151,Uncommon,Reverse_Holofoil,87.0,43.24,0.64,0.99,0.29,0.93428574,0.9214286,1.5628572,1.5628572,0.30571428,0.28,4263.0,51.0,4212.0,0.7,0.99,1.365,1.365,1.55,0.99,0.25,,,,0.3,0.3025,0.48466666666666663,0.48466666666666663,0.48466666666666663,-40.16506189821183,0.49327011089143696
Persian,019c3ac3-ec71-70da-b908-abef4f3ab0bc,053/165,SV: Scarlet & Violet 151,Uncommon,Normal,87.0,43.24,1.0,1.82,0.18,1.03857143,1.03274194,1.9,1.9,0.17714286,0.16548388,4414.0,32.0,4382.0,1.64,1.65,1.82,1.82,1.94,1.99,0.15,,,,0.15,0.1725,0.27699999999999997,0.27699999999999997,0.27699999999999997,-35.01805054151624,0.4298849084147507
Psyduck,019bffaa-1a47-7762-8bb4-14cde402e8c8,054/165,SV: Scarlet & Violet 151,Common,Reverse_Holofoil,76.0,50.5,0.99,1.5,0.48,1.158571435,1.13617998,1.9,1.8852632,0.41714287,0.38709676,7104.0,127.0,6977.0,1.02,1.5,1.99,1.99,1.99,1.5,0.38,,,,0.7,0.9388888916666666,0.95422222,0.95422222,0.95422222,-49.69725186235969,0.7674163877321738
Psyduck,019bffab-58b9-77cf-912b-85b80f213688,175/165,SV: Scarlet & Violet 151,Illustration Rare,Holofoil,76.0,50.5,73.955,67.0,80.91,72.133215,66.19779,68.49643,63.63139,75.77,68.76419,5499.0,104.0,5395.0,-13.909999999999997,67.0,65.0,67.0,63.0,67.0,80.91,,,,80.91,72.63153846153847,70.12698929032257,70.12698929032257,70.12698929032257,15.376406172288744,5.859736995083961
Psyduck,019c3ac3-ec71-70da-b908-acc129d7b3d4,054/165,SV: Scarlet & Violet 151,Common,Normal,76.0,50.5,1.05,1.89,0.21,1.1950000799999998,1.10360213,2.2028573,2.0133333,0.18714286,0.19387096,10197.0,93.0,10104.0,1.68,1.89,1.99,1.99,1.99,1.89,0.17,,,,0.4,0.538,0.6851612903225807,0.6851612903225807,0.6851612903225807,-69.35028248587571,0.8578961513211333
Golduck,019bffaa-1a47-7762-8bb4-18950e4e2eab,055/165,SV: Scarlet & Violet 151,Uncommon,Reverse_Holofoil,64.0,58.42,0.8775000000000001,1.495,0.26,1.06062505,1.051108925,1.8312501,1.8312501,0.29,0.27096775,3968.0,39.0,3929.0,1.235,1.0,1.495,1.495,1.99,1.99,0.29,,,,0.29,0.42166666666666663,0.3665,0.3665,0.3665,-29.058663028649384,0.3808410610649847
Golduck,019c3ac3-ec71-70da-b908-b24f0d5bcba5,055/165,SV: Scarlet & Violet 151,Uncommon,Normal,64.0,58.42,1.0,1.89,0.11,1.02142852,1.031128985,1.9399999,1.9399999,0.10285714,0.12225807,2852.0,23.0,2829.0,1.7799999999999998,1.89,1.89,1.94,1.94,1.89,0.02,,,,0.25,0.47400000000000003,0.242,0.242,0.242,-54.545454545454554,0.4625968677682173
Mankey,019bffaa-1a47-7762-8bb4-1f67da92e439,056/165,SV: Scarlet & Violet 151,Common,Reverse_Holofoil,114.0,25.42,0.635,0.99,0.28,0.78214286,0.76080645,1.28,1.28,0.28428572,0.2416129,3614.0,42.0,3572.0,0.71,0.99,0.99,1.39,1.425,0.99,0.29,,,,0.3,0.35777777777777775,0.3456666666666666,0.3456666666666666,0.3456666666666666,-18.99710703953711,0.3254247445536619
Mankey,019c3ac3-ec71-70da-b908-b61414ec3585,056/165,SV: Scarlet & Violet 151,Common,Normal,114.0,25.42,1.045,1.99,0.1,0.730714285,0.7351612900000001,1.37,1.37,0.09142857,0.10032258,3866.0,21.0,3845.0,1.89,1.99,1.99,1.495,1.245,1.99,0.01,,,,0.01,0.0925,0.23966666666666667,0.23966666666666667,0.23966666666666667,-58.27538247566064,0.44523905499400435
Primeape,019bffaa-1a47-7762-8bb4-23d8483abcb8,057/165,SV: Scarlet & Violet 151,Uncommon,Reverse_Holofoil,59.0,61.72,0.88,1.5,0.26,0.852,0.84474193,1.424,1.424,0.28,0.26548386,3920.0,30.0,3890.0,1.24,1.5,1.475,1.45,1.455,1.5,0.27,,,,0.29,0.518,0.4163333333333333,0.4163333333333333,0.4163333333333333,-37.55004003202561,0.43298071417855866
Primeape,019c3ac3-ec71-70da-b908-ba02788372e5,057/165,SV: Scarlet & Violet 151,Uncommon,Normal,59.0,61.72,0.96,1.79,0.13,0.932142865,0.926082958,1.7457143,1.7457143,0.11857143,0.106451616,3773.0,24.0,3749.0,1.66,1.79,1.74,1.74,1.835,1.79,0.02,,,,0.02,0.11625,0.16366666666666668,0.16366666666666668,0.16366666666666668,-20.570264765784117,0.3075877596476451
Growlithe,019bffaa-1a47-7762-8bb4-24173ee8cd68,058/165,SV: Scarlet & Violet 151,Common,Reverse_Holofoil,23.0,85.48,1.04,1.8,0.28,1.18714286,1.179516135,2.09,2.09,0.28428572,0.26903227,4284.0,32.0,4252.0,1.52,1.8,1.49,1.49,1.645,1.8,0.25,,,,0.4,0.55,0.5353333333333334,0.5353333333333334,0.5353333333333334,-47.6961394769614,0.7600532346751969
Growlithe,019c3ac3-ec71-70da-b908-bf1659fe3ed2,058/165,SV: Scarlet & Violet 151,Common,Normal,23.0,85.48,1.05,1.98,0.12,1.04333335,1.055430125,1.9866667,1.9866667,0.1,0.12419355,5240.0,15.0,5225.0,1.86,1.98,1.98,1.98,1.99,1.98,0.25,,,,0.25,0.10125,0.3043333333333333,0.3043333333333333,0.3043333333333333,-60.569550930996705,0.5712338933567757
Arcanine,019bffaa-1a47-7762-8bb4-296428d33a65,059/165,SV: Scarlet & Violet 151,Uncommon,Reverse_Holofoil,3.0,98.68,1.16,1.99,0.33,1.20042857,1.19367742,2.078,2.078,0.32285714,0.30935484,5211.0,32.0,5179.0,1.66,1.99,1.99,2.12,2.12,1.99,0.29,,,,0.44,0.5055555555555555,0.5703333333333334,0.5703333333333334,0.5703333333333334,-42.13909994155465,0.666444416976795
Arcanine,019c3ac3-ec71-70da-b908-c1f43f2fe302,059/165,SV: Scarlet & Violet 151,Uncommon,Normal,3.0,98.68,1.125,1.99,0.26,1.22273818,1.23190868,2.2383335,2.2383335,0.20714286,0.22548386,2087.0,22.0,2065.0,1.73,1.99,1.99,1.99,2.09,1.99,0.25,,,,0.4,0.40555555555555556,0.5516129032258065,0.5516129032258065,0.5516129032258065,-52.865497076023395,0.7775349800242369
Arcanine,019bffab-58b9-77cf-912c-cfd03260b04f,,SV: Scarlet & Violet 151,,Normal,3.0,98.68,,,,,,,,,,,,,,,,,,,,,,,,,,,,,
Poliwag,019bffaa-1a47-7762-8bb4-2fd41d49afbb,060/165,SV: Scarlet & Violet 151,Common,Reverse_Holofoil,88.0,42.58,1.04,1.85,0.23,0.912857115,0.9219585,1.5771428,1.5771428,0.24857143,0.2667742,4253.0,51.0,4202.0,1.62,1.85,1.99,1.92,1.85,1.85,0.29,,,,0.29,0.7145454545454546,0.5146666666666666,0.5146666666666666,0.5146666666666666,-55.31088082901554,0.5529527842494288
Poliwag,019c3ac3-ec71-70da-b908-c7710df17e6c,060/165,SV: Scarlet & Violet 151,Common,Normal,88.0,42.58,1.055,1.99,0.12,0.978571445,0.96639113,1.8314286,1.81375,0.12571429,0.11903226,4942.0,35.0,4907.0,1.87,1.99,2.19,2.09,1.935,1.99,0.25,,,,0.25,0.33555555555555555,0.52,0.52,0.52,-76.92307692307693,0.7612240596339012
Poliwag,019bffab-58b9-77cf-912c-da55d57d30e6,,SV: Scarlet & Violet 151,,Normal,88.0,42.58,,,,,,,,,,,,,,,,,,,,,,,,,,,,,
Poliwhirl,019bffaa-1a47-7762-8bb4-3326a0840d3f,061/165,SV: Scarlet & Violet 151,Common,Reverse_Holofoil,83.0,45.88,2.975,3.53,2.42,2.70214285,2.48192825,2.6785715,2.5877273,2.7257142,2.3761292,5602.0,102.0,5500.0,1.11,3.07,3.53,3.16,2.62,3.99,1.75,,,,8.99,2.7844444444444445,2.4006666666666665,2.4006666666666665,2.4006666666666665,0.8053318522632641,0.5117174148333025
Poliwhirl,019bffab-58b9-77cf-912b-82d1c98aadda,176/165,SV: Scarlet & Violet 151,Illustration Rare,Holofoil,83.0,45.88,53.555834,51.111668,56.0,52.4750005,47.914015,48.182858,44.114483,56.767143,51.713547,6788.0,468.0,6320.0,-4.888331999999998,40.0,50.0,49.0,44.99,56.0,55.95,,,,55.95,52.99111119999999,51.67587638709678,51.67587638709678,51.67587638709678,8.367779929868659,4.938411477029335
Poliwhirl,019c3ac3-ec71-70da-b908-c97ac1ab8714,061/165,SV: Scarlet & Violet 151,Common,Normal,83.0,45.88,1.765,3.3,0.23,1.43928572,1.26626837,2.6757143,2.3331819,0.20285714,0.19935484,4778.0,59.0,4719.0,3.07,3.3,3.3,3.3,1.99,3.3,0.23,,,,0.23,0.819,0.8333333333333334,0.8333333333333334,0.8333333333333334,-72.4,1.1174612030088045
Poliwrath,019bffaa-1a47-7762-8bb4-3744361775ff,062/165,SV: Scarlet & Violet 151,Uncommon,Reverse_Holofoil,51.0,67.0,1.135,1.99,0.28,1.1403571,1.14498844,2.0064285,2.0064285,0.2742857,0.28354838,4407.0,66.0,4341.0,1.71,1.99,1.99,1.99,1.95,1.99,0.29,,,,0.3,0.583,0.5811666666666667,0.5811666666666667,0.5811666666666667,-51.82104961284772,0.6272101382082917
Poliwrath,019c3ac3-ec71-70da-b908-cf9ed23af70e,062/165,SV: Scarlet & Violet 151,Uncommon,Normal,51.0,67.0,1.07,1.99,0.15,0.892738075,0.899327945,1.6483333,1.6483333,0.13714285,0.15032259,1707.0,32.0,1675.0,1.84,1.99,1.995,1.995,1.835,1.99,0.15,,,,0.15,0.3433333333333334,0.36966666666666664,0.36966666666666664,0.36966666666666664,-59.42290351668169,0.5848340957401765
Abra,019bffaa-1a47-7762-8bb4-38a85deeefee,063/165,SV: Scarlet & Violet 151,Common,Reverse_Holofoil,58.0,62.38,0.5,0.72,0.28,0.807380985,0.7952151000000001,1.3233334,1.3233334,0.29142857,0.2670968,4581.0,69.0,4512.0,0.4399999999999999,0.72,0.72,0.72,1.46,0.72,0.29,,,,0.47,0.41400000000000003,0.4036666666666667,0.4036666666666667,0.4036666666666667,-30.635838150289015,0.3674186124594251
Abra,019c3ac3-ec71-70da-b908-d3af0e87de28,063/165,SV: Scarlet & Violet 151,Common,Normal,58.0,62.38,1.85,3.59,0.11,1.3478571499999998,1.16782258,2.5857143,2.215,0.11,0.12064516,5882.0,199.0,5683.0,3.48,3.59,2.97,2.545,2.39,3.59,0.11,,,,0.11,0.8775757636363637,1.0412111133333333,1.0412111133333333,1.0412111133333333,-89.43537976195375,1.2366099347045587
Kadabra,019bffaa-1a47-7762-8bb4-3d06b8e383ed,064/165,SV: Scarlet & Violet 151,Uncommon,Reverse_Holofoil,42.0,72.94,0.98,1.66,0.3,1.24857139,1.139381735,2.2157142,1.9916667,0.28142858,0.28709677,5013.0,70.0,4943.0,1.36,1.66,1.99,1.99,1.79,1.66,0.29,,,,0.29,0.7013636363636363,0.8284999999999999,0.8284999999999999,0.8284999999999999,-63.78998189499095,0.9886730483591246
Kadabra,019c3ac3-ec71-70da-b908-d4fb4e06c509,064/165,SV: Scarlet & Violet 151,Uncommon,Normal,42.0,72.94,0.575,0.99,0.16,1.005,1.03640071,1.86,1.8847369,0.15,0.18806452,5647.0,169.0,5478.0,0.83,0.99,1.245,1.61,1.89,0.99,0.1,,,,0.25,0.46106060909090907,0.7807222233333332,0.7807222233333332,0.7807222233333332,-79.506155298504,0.8993900329685631
Kadabra,019bffab-58b9-77cf-912c-df01bb94d795,,SV: Scarlet & Violet 151,,Normal,42.0,72.94,,,,,,,,,,,,,,,,,,,,,,,,,,,,,
Alakazam,019bffaa-1a47-7762-8bb4-411aa1e3d814,065/165,SV: Scarlet & Violet 151,Double Rare,Holofoil,11.0,93.4,3.135,3.99,2.28,2.58285715,2.412058,3.19,2.7396,1.9757143,2.084516,12152.0,266.0,11886.0,1.7100000000000004,2.99,3.59,2.99,2.75,4.99,2.04,,,,5.4,2.458392857142857,2.4540833333333336,2.4540833333333336,2.4540833333333336,-7.093619477741199,0.6378609469497865
Alakazam,019bffab-58b9-77cf-912b-3f5b297454ea,188/165,SV: Scarlet & Violet 151,Ultra Rare,Holofoil,11.0,93.4,13.345,11.3,15.39,14.724286,14.670968,,,14.724286,14.670968,5885.0,312.0,5573.0,-4.09,11.3,15.24,14.49,14.85,11.3,12.24,,,,19.94,14.165384615384614,14.557849451612904,14.557849451612904,14.557849451612904,5.716163992167813,2.02908834667427
Alakazam,019bffab-58b9-77cf-912b-b4cb57a7ddb5,201/165,SV: Scarlet & Violet 151,Special Illustration Rare,Holofoil,11.0,93.4,78.1575,71.055,85.26,81.25607,79.106237,76.86071,76.85667,85.65143,81.355804,5077.0,407.0,4670.0,-14.204999999999998,66.0,72.64,73.1,75.0,79.06,85.26,,,,85.26,80.63881733333334,79.032242,79.032242,79.032242,7.880021928265693,4.8941267708240135
Alakazam,019bffa9-14a4-732a-bc78-01a2ac44a30b,,SV: Scarlet & Violet 151,,Normal,11.0,93.4,,,,,,,,,,,,,,,,,,,,,,,,,,,,,
Alakazam,019bffab-58b9-77cf-912c-4f265e049ce3,,SV: Scarlet & Violet 151,,Normal,11.0,93.4,,,,,,,,,,,,,,,,,,,,,,,,,,,,,
Alakazam,019bffac-ba77-77e9-b32e-76a598683719,,SV: Scarlet & Violet 151,Code Card,Normal,11.0,93.4,0.09,,0.09,0.09,0.09290323,,,0.09,0.09290323,,,322.0,,,,,,,0.09,,,,0.09,0.09,0.09266666666666669,0.09266666666666669,0.09266666666666669,-2.8776978417266457,0.004497764451088041
Machop,019bffaa-1a47-7762-8bb4-45af13bc40d4,066/165,SV: Scarlet & Violet 151,Common,Reverse_Holofoil,95.0,37.96,0.615,1.0,0.23,0.861785695,0.845070565,1.4778571,1.475625,0.24571429,0.21451613,4114.0,38.0,4076.0,0.77,1.0,1.535,1.535,1.5,1.0,0.2,,,,0.29,0.5486363636363637,0.4558333333333333,0.4558333333333333,0.4558333333333333,-49.54296160877513,0.5058930024076805
Machop,019c3ac3-ec71-70da-b908-da487b8cc141,066/165,SV: Scarlet & Violet 151,Common,Normal,95.0,37.96,1.14,2.19,0.09,0.7787143375000001,0.77735489,1.4860001,1.4860001,0.071428575,0.06870968,4862.0,22.0,4840.0,2.1,2.19,2.19,1.72,1.25,2.19,0.02,,,,0.25,0.07,0.06833333333333334,0.06833333333333334,0.06833333333333334,31.70731707317071,0.011472105098991154
Machop,019bffaa-1a47-7762-8bb4-494e36a9ecd7,067/165,SV: Scarlet & Violet 151,Uncommon,Reverse_Holofoil,95.0,37.96,0.905,1.5,0.31,0.8285714000000001,0.934435485,1.3371428,1.585,0.32,0.28387097,3368.0,47.0,3321.0,1.19,1.5,1.745,1.48,1.48,1.5,0.29,,,,0.29,0.5754999999999999,0.4851666666666666,0.4851666666666666,0.4851666666666666,-36.10443146684987,0.487694228917608
Machop,019bffab-58b9-77cf-912b-67c4d73f2f4a,177/165,SV: Scarlet & Violet 151,Illustration Rare,Holofoil,95.0,37.96,24.12,22.0,26.24,25.246071,25.7118975,22.606428,24.791538,27.885714,26.632257,7291.0,448.0,6843.0,-4.239999999999998,22.0,23.495,22.5,24.65,22.0,20.0,,,,27.43,25.577083285714284,25.983722233333335,25.983722233333335,25.983722233333335,0.9863012095237698,2.2713360273831493
Machop,019c3ac3-ec71-70da-b908-ddfe7379107e,067/165,SV: Scarlet & Violet 151,Uncommon,Normal,95.0,37.96,1.395,2.6,0.19,2.8041665,2.807714885,5.438333,5.438333,0.17,0.17709677,4246.0,21.0,4225.0,2.41,2.6,2.6,2.6,2.6,2.6,0.19,,,,0.19,0.16875,0.7035,0.7035,0.7035,-72.99218194740583,2.0601954836943226
Machoke,019bffaa-1a47-7762-8bb4-494e36a9ecd7,067/165,SV: Scarlet & Violet 151,Uncommon,Reverse_Holofoil,71.0,53.8,0.905,1.5,0.31,0.8285714000000001,0.934435485,1.3371428,1.585,0.32,0.28387097,3368.0,47.0,3321.0,1.19,1.5,1.745,1.48,1.48,1.5,0.29,,,,0.29,0.5754999999999999,0.4851666666666666,0.4851666666666666,0.4851666666666666,-36.10443146684987,0.487694228917608
Machoke,019bffab-58b9-77cf-912b-67c4d73f2f4a,177/165,SV: Scarlet & Violet 151,Illustration Rare,Holofoil,71.0,53.8,24.12,22.0,26.24,25.246071,25.7118975,22.606428,24.791538,27.885714,26.632257,7291.0,448.0,6843.0,-4.239999999999998,22.0,23.495,22.5,24.65,22.0,20.0,,,,27.43,25.577083285714284,25.983722233333335,25.983722233333335,25.983722233333335,0.9863012095237698,2.2713360273831493
Machoke,019c3ac3-ec71-70da-b908-ddfe7379107e,067/165,SV: Scarlet & Violet 151,Uncommon,Normal,71.0,53.8,1.395,2.6,0.19,2.8041665,2.807714885,5.438333,5.438333,0.17,0.17709677,4246.0,21.0,4225.0,2.41,2.6,2.6,2.6,2.6,2.6,0.19,,,,0.19,0.16875,0.7035,0.7035,0.7035,-72.99218194740583,2.0601954836943226
Machamp,019bffaa-1a47-7762-8bb4-4ef0a99f1c96,068/165,SV: Scarlet & Violet 151,Rare,Reverse_Holofoil,43.0,72.28,1.475,1.69,1.26,1.6295000000000002,1.5593333,2.059,2.059,1.2,1.0596666,5765.0,100.0,5665.0,0.4299999999999999,1.69,1.69,1.69,2.12,1.69,0.5,,,,1.91,1.2555555555555555,1.2108333333333334,1.2108333333333334,1.2108333333333334,4.060564349621465,0.3543719148338204
Machamp,019c3ac3-ec71-70da-b908-e36a7002a188,068/165,SV: Scarlet & Violet 151,Rare,Holofoil,43.0,72.28,0.655,0.99,0.32,0.943214285,0.92648186,1.595,1.578125,0.29142857,0.27483872,3003.0,103.0,2900.0,0.6699999999999999,0.99,0.99,1.75,1.645,0.99,0.2,,,,0.4,0.523,0.6204999999999999,0.6204999999999999,0.6204999999999999,-48.42868654311039,0.6086139566883609
Machamp,019bffab-58b9-77cf-912c-e16586a24924,,SV: Scarlet & Violet 151,,Normal,43.0,72.28,,,,,,,,,,,,,,,,,,,,,,,,,,,,,
Bellsprout,019bffaa-1a47-7762-8bb4-971607913a26,069/165,SV: Scarlet & Violet 151,Common,Reverse_Holofoil,136.0,10.9,1.0475,1.865,0.23,0.8499285750000001,0.853016125,1.447,1.447,0.25285715,0.25903225,3974.0,39.0,3935.0,1.635,1.57,1.57,1.57,1.57,2.16,0.29,,,,0.3,0.5435000000000001,0.41350000000000003,0.41350000000000003,0.41350000000000003,-44.37726723095526,0.4262489761338699
Bellsprout,019c3ac3-ec71-70da-b908-e4388d83f975,069/165,SV: Scarlet & Violet 151,Common,Normal,136.0,10.9,1.02,1.98,0.06,0.8400000000000001,0.8464516150000001,1.6,1.6,0.08,0.09290323,1886.0,20.0,1866.0,1.92,1.98,1.98,1.98,1.6,1.98,0.01,,,,0.01,0.08374999999999999,0.15366666666666667,0.15366666666666667,0.15366666666666667,-60.95444685466378,0.34595677758070154
Weepinbell,019bffaa-1a47-7762-8bb4-a123b646d047,070/165,SV: Scarlet & Violet 151,Common,Reverse_Holofoil,140.0,8.26,4.07,6.06,2.08,2.45428575,2.32689515,2.847143,2.7325,2.0614285,1.9212903,4945.0,93.0,4852.0,3.98,6.06,4.03,2.23,2.28,6.06,3.14,,,,3.14,2.410833333333333,2.2253333333333334,2.2253333333333334,2.2253333333333334,-6.530856800479327,0.7984499350933498
Weepinbell,019c3ac3-ec71-70da-b908-e81c3be88231,070/165,SV: Scarlet & Violet 151,Common,Normal,140.0,8.26,0.715,1.25,0.18,1.038214285,1.02798387,1.895,1.895,0.18142857,0.16096774,1508.0,60.0,1448.0,1.07,1.25,1.995,2.49,1.745,1.25,0.15,,,,0.15,0.5429999999999999,0.44683333333333336,0.44683333333333336,0.44683333333333336,-59.716523685192094,0.7075412542295904
Victreebel,019bffaa-1a47-7762-8bb4-a42e652d247c,071/165,SV: Scarlet & Violet 151,Uncommon,Reverse_Holofoil,93.0,39.28,1.12,2.0,0.24,0.96678576,0.975457025,1.6892858,1.7083334,0.24428572,0.24258065,4023.0,52.0,3971.0,1.76,2.0,2.0,2.0,1.645,2.0,0.24,,,,0.29,0.44,0.5705000000000001,0.5705000000000001,0.5705000000000001,-57.93163891323402,0.6515450470043205
Victreebel,019c3ac3-ec71-70da-b908-ec548bf4b8f3,071/165,SV: Scarlet & Violet 151,Uncommon,Normal,93.0,39.28,0.7150000000000001,1.3,0.13,0.99916665,1.00529568,1.8683333,1.8683333,0.13,0.14225806,4203.0,32.0,4171.0,1.17,1.3,1.995,1.895,1.895,1.3,0.04,,,,0.04,0.5050000000000001,0.4816666666666667,0.4816666666666667,0.4816666666666667,-73.01038062283737,0.7734788557096341
Tentacool,019bffaa-1a47-7762-8bb4-abc5fe4c1d50,072/165,SV: Scarlet & Violet 151,Common,Reverse_Holofoil,139.0,8.92,1.055,1.89,0.22,0.974999985,0.968760125,1.7285714,1.7268751,0.22142857,0.21064515,3784.0,38.0,3746.0,1.67,1.89,1.89,1.89,1.89,1.89,0.19,,,,0.29,0.21875,0.47200000000000003,0.47200000000000003,0.47200000000000003,-53.38983050847458,0.613258116327358
Tentacool,019c3ac3-ec71-70da-b908-f38ecad81afd,072/165,SV: Scarlet & Violet 151,Common,Normal,139.0,8.92,1.03,1.99,0.07,1.104047685,1.111397915,2.1566668,2.1566668,0.05142857,0.06612903,4308.0,17.0,4291.0,1.92,1.99,1.99,1.99,1.99,1.99,0.1,,,,0.25,0.26555555555555554,0.1933333333333333,0.1933333333333333,0.1933333333333333,-63.79310344827586,0.48736684005132025
Tentacruel,019bffaa-1a47-7762-8bb4-b39f0e6cd38f,073/165,SV: Scarlet & Violet 151,Uncommon,Reverse_Holofoil,78.0,49.18,0.98,1.7,0.26,1.040714275,1.039778235,1.7742857,1.81375,0.30714285,0.26580647,3918.0,39.0,3879.0,1.44,1.7,1.7,1.66,1.69,1.7,0.24,,,,0.3,0.3075,0.4043333333333333,0.4043333333333333,0.4043333333333333,-35.696619950535855,0.4106570289210923
Tentacruel,019c3ac3-ec71-70da-b908-f576a9e56875,073/165,SV: Scarlet & Violet 151,Uncommon,Normal,78.0,49.18,0.965,1.69,0.24,0.8102857099999999,0.808903225,1.432,1.432,0.18857142,0.18580645,1563.0,27.0,1536.0,1.45,1.69,1.69,1.69,1.69,1.69,0.15,,,,0.56,0.18625,0.18566666666666665,0.18566666666666665,0.18566666666666665,29.263913824057457,0.018323403789601466
Geodude,019bffaa-1a47-7762-8bb4-b7413b9b78b0,074/165,SV: Scarlet & Violet 151,Common,Reverse_Holofoil,103.0,32.68,0.615,0.99,0.24,0.82625,0.81399193,1.4025,1.4025,0.25,0.22548386,3738.0,42.0,3696.0,0.75,0.99,1.5,1.29,1.39,0.99,0.29,,,,0.29,0.5204545454545454,0.4271666666666667,0.4271666666666667,0.4271666666666667,-43.81584081154897,0.4875761361118355
Geodude,019c3ac3-ec71-70da-b908-fbd0f5ce1f95,074/165,SV: Scarlet & Violet 151,Common,Normal,103.0,32.68,0.65,1.24,0.06,0.8325,0.8475,1.605,1.605,0.06,0.09,4325.0,21.0,4304.0,1.18,1.24,1.605,1.605,1.605,1.24,0.06,,,,0.06,0.06,0.18833333333333332,0.18833333333333332,0.18833333333333332,-68.14159292035397,0.3985065510934141
Graveler,019bffaa-1a47-7762-8bb4-bca0b227443c,075/165,SV: Scarlet & Violet 151,Uncommon,Reverse_Holofoil,121.0,20.8,1.1175,2.005,0.23,1.0165,1.01004839,1.773,1.773,0.26,0.24709678,3811.0,37.0,3774.0,1.775,1.82,2.005,1.82,1.82,2.19,0.1,,,,0.4,0.255,0.33449999999999996,0.33449999999999996,0.33449999999999996,-31.24065769805679,0.3599433624029356
Graveler,019c3ac3-ec71-70da-b909-020175834ede,075/165,SV: Scarlet & Violet 151,Uncommon,Normal,121.0,20.8,3.105,6.0,0.21,1.49,1.48629032,2.81,2.81,0.17,0.16258064,1267.0,21.0,1246.0,5.79,6.0,6.0,6.0,1.89,6.0,0.25,,,,0.25,0.17125,0.39419354838709686,0.39419354838709686,0.39419354838709686,-46.72667757774142,1.06622316048611
Golem,019bffaa-1a47-7762-8bb4-c67010798c49,076/165,SV: Scarlet & Violet 151,Double Rare,Holofoil,45.0,70.96,1.67,2.0,1.34,1.7292857,1.8487266,2.2171428,2.438421,1.2414286,1.2590322,12157.0,265.0,11892.0,0.6599999999999999,2.0,2.0,1.995,2.29,2.0,0.7,,,,2.2,1.7091555466666668,1.78674444,1.78674444,1.78674444,-25.003264596698564,0.8134960144042169
Golem,019bffab-58b9-77cf-912b-581a5227d3d0,189/165,SV: Scarlet & Violet 151,Ultra Rare,Holofoil,45.0,70.96,7.705,6.99,8.42,7.626428649999999,8.0222915,7.6457143,7.784583,7.607143,8.26,6003.0,333.0,5670.0,-1.4299999999999995,6.99,7.57,7.745,7.92,6.99,7.62,,,,8.0,7.61923076923077,7.948666666666666,7.948666666666666,7.948666666666666,5.92971567558501,0.6952832880018854
Ponyta,019bffaa-1a47-7762-8bb4-ed2afe75203b,077/165,SV: Scarlet & Violet 151,Common,Reverse_Holofoil,77.0,49.84,0.855,1.46,0.25,1.00285715,0.985,1.72,1.72,0.2857143,0.25,4148.0,17.0,4131.0,1.21,1.46,1.46,1.46,1.72,1.46,0.29,,,,0.29,0.28375,0.2886666666666667,0.2886666666666667,0.2886666666666667,-13.39491916859123,0.22423407310270643
Ponyta,019c3ac3-ec71-70da-b909-1a6963fc4dff,077/165,SV: Scarlet & Violet 151,Common,Normal,77.0,49.84,0.59,1.0,0.18,0.810357145,0.8134677400000001,1.495,1.495,0.12571429,0.13193548,1670.0,10.0,1660.0,0.8200000000000001,1.0,1.0,1.0,1.495,1.0,0.25,,,,0.25,0.12375000000000001,0.13166666666666668,0.13166666666666668,0.13166666666666668,36.70886075949365,0.03333045964624378
Rapidash,019bffaa-1a47-7762-8bb4-f19e94be2690,078/165,SV: Scarlet & Violet 151,Uncommon,Reverse_Holofoil,36.0,76.9,1.12,1.99,0.25,1.1814286500000002,1.1135242,2.107143,1.9535,0.2557143,0.2735484,3937.0,43.0,3894.0,1.74,1.99,2.1,2.195,1.99,1.99,0.26,,,,0.29,0.7681818181818181,0.7240322580645159,0.7240322580645159,0.7240322580645159,-65.47115170416573,0.8453859270128631
Rapidash,019c3ac3-ec71-70da-b909-1d63c96baa9e,078/165,SV: Scarlet & Violet 151,Uncommon,Normal,36.0,76.9,0.8025,1.445,0.16,0.896547635,0.897768835,1.6416667,1.6416667,0.15142857,0.15387097,3640.0,33.0,3607.0,1.285,1.0,1.445,1.445,1.89,1.89,0.16,,,,0.16,0.295,0.22338709677419355,0.22338709677419355,0.22338709677419355,-28.375451263537904,0.27225413096582574
Slowpoke,019bffaa-1a47-7762-8bb5-02eeee6453ac,079/165,SV: Scarlet & Violet 151,Common,Reverse_Holofoil,108.0,29.38,1.39,2.39,0.39,1.21892858,1.164061575,2.0407143,1.9790909,0.39714286,0.34903225,6458.0,73.0,6385.0,2.0,1.79,2.49,2.72,1.79,2.99,0.34,,,,0.65,0.9936363636363638,0.7985,0.7985,0.7985,-51.15842204132749,0.8095306750167677
Slowpoke,019c3ac3-ec71-70da-b909-2a0f904023de,079/165,SV: Scarlet & Violet 151,Common,Normal,108.0,29.38,1.01,1.79,0.23,0.944999975,0.99307348,1.7271428,1.8138889,0.16285715,0.17225806,3993.0,52.0,3941.0,1.56,1.79,1.885,1.885,1.79,1.79,0.01,,,,0.25,0.15875,0.442258064516129,0.442258064516129,0.442258064516129,-47.99416484318015,0.6347477697344006
Slowpoke,019bffab-58b9-77cf-912c-f2c9e73ab5c6,,SV: Scarlet & Violet 151,,Normal,108.0,29.38,,,,,,,,,,,,,,,,,,,,,,,,,,,,,
Slowbro,019bffaa-1a47-7762-8bb5-068f307d130a,080/165,SV: Scarlet & Violet 151,Uncommon,Reverse_Holofoil,63.0,59.08,1.105,1.89,0.32,1.16892856,1.16335608,1.9892857,1.9996154,0.34857142,0.32709676,4845.0,67.0,4778.0,1.5699999999999998,1.79,1.79,1.99,1.99,1.99,0.29,,,,0.45,0.8141666666666666,0.8861666666666664,0.8861666666666664,0.8861666666666664,-63.88941132217415,0.8704316045278454
Slowbro,019c3ac3-ec71-70da-b909-2f7e93d525c7,080/165,SV: Scarlet & Violet 151,Uncommon,Normal,63.0,59.08,1.55,2.99,0.11,1.2492857125,1.268548385,2.39,2.39,0.108571425,0.14709677,4872.0,39.0,4833.0,2.8800000000000003,2.99,2.99,2.99,2.99,2.99,0.16,,,,0.25,0.43000000000000005,0.294,0.294,0.294,-62.585034013605444,0.5917571729384764
Magnemite,019bffaa-1a47-7762-8bb4-faea2ef62dfa,081/165,SV: Scarlet & Violet 151,Common,Reverse_Holofoil,127.0,16.84,1.005,1.69,0.32,1.00571424,0.992258015,1.6999999,1.6999999,0.31142858,0.28451613,4530.0,27.0,4503.0,1.37,1.69,1.69,1.69,1.675,1.69,0.29,,,,0.47,0.3075,0.42733333333333334,0.42733333333333334,0.42733333333333334,-25.117004680187204,0.436332152295057
Magnemite,019c3ac3-ec71-70da-b909-20836f74eafd,081/165,SV: Scarlet & Violet 151,Common,Normal,127.0,16.84,1.08,1.99,0.17,1.13678571,1.1294354800000002,2.115,2.115,0.15857142,0.14387096,7107.0,15.0,7092.0,1.82,1.99,1.99,1.99,2.115,1.99,0.15,,,,0.25,0.15500000000000003,0.14400000000000002,0.14400000000000002,0.14400000000000002,18.05555555555555,0.02554239207872764
Magnemite,019bffab-58b9-77cf-912c-d4751a196902,,SV: Scarlet & Violet 151,,Normal,127.0,16.84,,,,,,,,,,,,,,,,,,,,,,,,,,,,,
Magneton,019bffaa-1a47-7762-8bb4-feda335497dc,082/165,SV: Scarlet & Violet 151,Uncommon,Reverse_Holofoil,86.0,43.9,0.645,0.99,0.3,1.08385714,1.06680645,1.832,1.832,0.33571428,0.3016129,4487.0,25.0,4462.0,0.69,0.99,0.99,0.99,1.45,0.99,0.28,,,,0.41,0.4055555555555556,0.456,0.456,0.456,-34.21052631578948,0.4092263516643958
Magneton,019c3ac3-ec71-70da-b909-245f198b9382,082/165,SV: Scarlet & Violet 151,Uncommon,Normal,86.0,43.9,1.09,1.98,0.2,0.98982143,0.985927415,1.7925,1.7925,0.18714286,0.17935483,5498.0,12.0,5486.0,1.78,1.98,1.98,1.98,1.985,1.98,0.15,,,,0.21,0.3855555555555556,0.339,0.339,0.339,-41.00294985250738,0.4997540774531355
Magneton,019bffab-58b9-77cf-912c-e5432028d157,,SV: Scarlet & Violet 151,,Normal,86.0,43.9,,,,,,,,,,,,,,,,,,,,,,,,,,,,,
Farfetch'd,019bffaa-1a47-7762-8bb5-09e50045f83d,083/165,SV: Scarlet & Violet 151,Common,Reverse_Holofoil,99.0,35.32,1.105,1.99,0.22,1.02821426,1.0610557,1.8378571,1.9272727,0.21857142,0.1948387,3642.0,40.0,3602.0,1.77,1.99,1.99,1.99,1.745,1.99,0.18,,,,0.4,0.5690000000000001,0.5171666666666666,0.5171666666666666,0.5171666666666666,-57.46052207541089,0.6718062160727772
Farfetch'd,019c3ac3-ec71-70da-b909-33b2a2c16018,083/165,SV: Scarlet & Violet 151,Common,Normal,99.0,35.32,1.5,2.89,0.11,0.93057143,0.929741935,1.784,1.784,0.07714286,0.07548387,4093.0,27.0,4066.0,2.78,2.89,2.89,2.42,1.95,2.89,0.15,,,,0.4,0.38666666666666666,0.32566666666666666,0.32566666666666666,0.32566666666666666,-66.2231320368475,0.7012633099521588
Doduo,019bffaa-1a47-7762-8bb5-0e178353c80d,084/165,SV: Scarlet & Violet 151,Common,Reverse_Holofoil,137.0,10.24,0.885,1.49,0.28,0.846,0.83696774,1.422,1.422,0.27,0.25193548,3997.0,37.0,3960.0,1.21,1.49,1.49,1.475,1.46,1.49,0.29,,,,0.29,0.4000000000000001,0.40499999999999997,0.40499999999999997,0.40499999999999997,-30.864197530864185,0.42008825017016893
Doduo,019c3ac3-ec71-70da-b909-36fb338c1b91,084/165,SV: Scarlet & Violet 151,Common,Normal,137.0,10.24,0.885,1.69,0.08,0.690357145,0.69846774,1.295,1.295,0.08571429,0.10193548,1554.0,18.0,1536.0,1.61,1.69,1.69,1.69,1.245,1.69,0.01,,,,0.34,0.08375,0.10133333333333332,0.10133333333333332,0.10133333333333332,-21.052631578947352,0.023886705772116806
Dodrio,019bffaa-1a47-7762-8bb5-11a734e97dee,085/165,SV: Scarlet & Violet 151,Rare,Reverse_Holofoil,106.0,30.7,2.255,3.25,1.26,1.62785715,1.80478005,2.09,2.4318182,1.1657143,1.1777419,5347.0,99.0,5248.0,1.99,3.25,2.62,1.985,1.99,3.25,2.25,,,,2.25,1.5054545454545456,1.4430000000000003,1.4430000000000003,1.4430000000000003,-12.6819126819127,0.5081348585589839
Dodrio,019c3ac3-ec71-70da-b909-3824bb156daa,085/165,SV: Scarlet & Violet 151,Rare,Holofoil,106.0,30.7,0.89,1.5,0.28,0.26857144,0.24709678,,,0.26857144,0.24709678,7607.0,96.0,7511.0,1.22,1.5,1.39,1.445,1.475,1.5,0.22,,,,0.22,0.6483333333333333,0.5106451612903227,0.5106451612903227,0.5106451612903227,-45.16740366392925,0.5370036342761624
Seel,019bffaa-1a47-7762-8bb5-14236207d5a3,086/165,SV: Scarlet & Violet 151,Common,Reverse_Holofoil,123.0,19.48,0.635,0.99,0.28,0.872142825,0.865506875,1.4671428,1.4671428,0.27714285,0.26387095,1570.0,50.0,1520.0,0.71,0.99,1.66,1.66,1.33,0.99,0.26,,,,0.47,0.5890909090909091,0.42833333333333334,0.42833333333333334,0.42833333333333334,-34.63035019455252,0.4026043093225127
Seel,019c3ac3-ec71-70da-b909-3dbb31acf692,086/165,SV: Scarlet & Violet 151,Common,Normal,123.0,19.48,0.875,1.59,0.16,0.588571478,0.582419405,1.0600001,1.0600001,0.117142856,0.10483871,1317.0,21.0,1296.0,1.4300000000000002,1.59,0.92,0.92,1.0,1.59,0.07,,,,0.4,0.3927272727272728,0.29900000000000004,0.29900000000000004,0.29900000000000004,-46.48829431438128,0.4075862506563953
Dewgong,019bffaa-1a47-7762-8bb5-18746ac57e17,087/165,SV: Scarlet & Violet 151,Uncommon,Reverse_Holofoil,70.0,54.46,0.96,1.66,0.26,0.99285712,0.960997985,1.7171428,1.678125,0.26857144,0.24387097,4058.0,39.0,4019.0,1.4,1.66,1.66,1.575,1.575,1.66,0.25,,,,0.29,0.4211111111111111,0.5761290322580647,0.5761290322580647,0.5761290322580647,-54.871220604703254,0.6465842426132105
Dewgong,019c3ac3-ec71-70da-b909-42617fd3d6d9,087/165,SV: Scarlet & Violet 151,Uncommon,Normal,70.0,54.46,1.06,1.99,0.13,0.11285714,0.1335484,,,0.11285714,0.1335484,3862.0,29.0,3833.0,1.86,1.99,1.99,1.99,1.985,1.99,0.03,,,,0.03,0.3211111111111111,0.19566666666666668,0.19566666666666668,0.19566666666666668,-33.56047700170358,0.3401488855895549
Grimer,019bffaa-1a47-7762-8bb5-1f82823303d5,088/165,SV: Scarlet & Violet 151,Common,Reverse_Holofoil,131.0,14.2,1.27,2.29,0.25,1.259999985,1.24364054,2.2685714,2.2685714,0.25142857,0.21870968,1498.0,41.0,1457.0,2.04,2.29,1.64,1.115,1.49,2.29,0.22,,,,0.29,0.5645454545454546,0.6396666666666669,0.6396666666666669,0.6396666666666669,-60.917144346013565,1.2959046456335868
Grimer,019c3ac3-ec71-70da-b909-445bf80f9525,088/165,SV: Scarlet & Violet 151,Common,Normal,131.0,14.2,1.02,1.98,0.06,0.81749995,0.82072576,1.5749999,1.5749999,0.06,0.06645162,1463.0,24.0,1439.0,1.92,1.98,1.98,1.98,1.74,1.98,0.06,,,,0.06,0.06,0.13033333333333333,0.13033333333333333,0.13033333333333333,-53.96419437340153,0.34962525093584707
Muk,019d5568-cde4-742e-87ae-8301bf0fee5b,089/165,SV: Scarlet & Violet 151,Uncommon,Reverse_Holofoil,68.0,55.78,1.08,1.89,0.27,1.1796428,1.1684375,2.0792856,2.066875,0.28,0.27,661.0,34.0,627.0,1.62,1.89,1.89,1.39,2.0,1.89,0.28,,,,0.29,0.552,0.4576666666666666,0.4576666666666666,0.4576666666666666,-41.00509832483611,0.5204022537875161
Muk,019d5568-cde4-742e-87ae-8608956f0309,089/165,SV: Scarlet & Violet 151,Uncommon,Normal,68.0,55.78,1.9,3.62,0.18,2.182499925,2.177638175,4.197857,4.197857,0.16714285,0.15741935,768.0,24.0,744.0,3.44,3.62,9.305,9.305,2.095,3.62,0.17,,,,0.25,0.16625,0.8601612903225807,0.8601612903225807,0.8601612903225807,-79.0736921057566,2.7240473820741347
Shellder,019bffaa-1a47-7762-8bb5-201e5a647d0a,090/165,SV: Scarlet & Violet 151,Common,Reverse_Holofoil,126.0,17.5,0.62,0.99,0.25,0.8508333,0.8392204,1.4316666,1.4316666,0.27,0.2467742,3404.0,34.0,3370.0,0.74,0.99,1.325,1.66,1.56,0.99,0.1,,,,0.29,0.5854545454545454,0.4396666666666667,0.4396666666666667,0.4396666666666667,-43.138741470811226,0.47288172563208825
Shellder,019c3ac3-ec71-70da-b909-48686b46b6f1,090/165,SV: Scarlet & Violet 151,Common,Normal,126.0,17.5,1.05,1.99,0.11,2.99857143,2.99870968,5.89,5.89,0.10714286,0.10741936,2399.0,19.0,2380.0,1.88,1.99,1.99,1.99,5.89,1.99,0.01,,,,0.25,0.31222222222222223,0.4969999999999999,0.4969999999999999,0.4969999999999999,-77.8672032193159,1.7884999493892966
Cloyster,019bffaa-1a47-7762-8bb5-246bc579d027,091/165,SV: Scarlet & Violet 151,Uncommon,Reverse_Holofoil,57.0,63.04,0.875,1.5,0.25,1.03857141,1.027096765,1.8328571,1.79,0.24428572,0.26419353,3942.0,42.0,3900.0,1.25,1.5,2.25,1.875,1.82,1.5,0.21,,,,0.29,0.5730000000000001,0.6638709677419357,0.6638709677419357,0.6638709677419357,-62.34207968901847,0.8046766531527009
Cloyster,019c3ac3-ec71-70da-b909-4e2389d83c0a,091/165,SV: Scarlet & Violet 151,Uncommon,Normal,57.0,63.04,1.05,1.99,0.11,0.12142857,0.13451613,,,0.12142857,0.13451613,4372.0,25.0,4347.0,1.88,1.99,1.99,1.99,1.99,1.99,0.02,,,,0.02,0.33,0.19599999999999998,0.19599999999999998,0.19599999999999998,-43.877551020408156,0.33985392399554903
Gastly,019bffaa-1a47-7762-8bb5-2b7180c59a29,092/165,SV: Scarlet & Violet 151,Common,Reverse_Holofoil,55.0,64.36,1.165,2.0,0.33,1.15607142,1.14162097,1.9835714,1.9455,0.32857144,0.33774194,4731.0,50.0,4681.0,1.67,1.75,2.25,2.0,1.98,2.25,0.3,,,,0.36,0.5155555555555557,0.6941666666666665,0.6941666666666665,0.6941666666666665,-52.46098439375749,0.7256579456072871
Gastly,019c3ac3-ec71-70da-b909-50059271aea4,092/165,SV: Scarlet & Violet 151,Common,Normal,55.0,64.36,1.01,1.79,0.23,0.94696429,0.94270161,1.6925,1.6925,0.20142858,0.19290322,2638.0,24.0,2614.0,1.56,1.79,1.79,1.79,1.89,1.79,0.08,,,,0.15,0.1975,0.36300000000000004,0.36300000000000004,0.36300000000000004,-36.63911845730028,0.5305179642055748
Haunter,019bffaa-1a47-7762-8bb5-2dc698085f3a,093/165,SV: Scarlet & Violet 151,Uncommon,Reverse_Holofoil,25.0,84.16,1.37,2.34,0.4,1.26642856,1.36649194,2.1242857,2.3075,0.40857142,0.42548388,8129.0,127.0,8002.0,1.94,1.99,2.32,1.99,1.99,2.69,0.35,,,,0.52,1.1223076923076925,1.1838709677419357,1.1838709677419357,1.1838709677419357,-66.21253405994551,0.9921145008494227
Haunter,019c3ac3-ec71-70da-b909-56cb9f7ddc44,093/165,SV: Scarlet & Violet 151,Uncommon,Normal,25.0,84.16,1.455,2.69,0.22,1.01428577,1.03298387,1.8157144,1.845,0.21285714,0.22096774,8299.0,79.0,8220.0,2.47,2.69,1.99,1.89,1.93,2.69,0.08,,,,0.25,0.7391666666666667,0.7166666666666668,0.7166666666666668,0.7166666666666668,-69.30232558139537,0.8335562920127368
Gengar,019bffaa-1a47-7762-8bb5-338df2cf858e,094/165,SV: Scarlet & Violet 151,Rare,Reverse_Holofoil,1.0,100.0,11.11,14.0,8.22,9.93107175,9.689924,11.179286,10.624687,8.6828575,8.755161,8777.0,86.0,8691.0,5.779999999999999,14.0,11.0,10.995,10.5,14.0,8.0,,,,9.94,9.578333333333333,9.4342778,9.4342778,9.4342778,-12.870914189107296,1.5196746662766776
Gengar,019c3ac3-ec71-70da-b909-5bca59ddae57,094/165,SV: Scarlet & Violet 151,Rare,Holofoil,1.0,100.0,3.0025000000000004,3.115,2.89,3.76214275,3.82829455,4.635714,4.849815,2.8885715,2.8067741,30148.0,136.0,30012.0,0.2250000000000001,3.0,3.97,4.49,4.99,3.23,1.49,,,,6.99,3.7185,4.047080645161291,4.047080645161291,4.047080645161291,-28.590501317158136,1.5287326564662105
Gengar,019bffab-58b9-77cf-912c-da55d57d30e6,,SV: Scarlet & Violet 151,,Normal,1.0,100.0,,,,,,,,,,,,,,,,,,,,,,,,,,,,,
Onix,019bffaa-1a47-7762-8bb5-3794e660fdbf,095/165,SV: Scarlet & Violet 151,Uncommon,Reverse_Holofoil,44.0,71.62,1.7999999999999998,1.69,1.91,2.1092858,2.16155015,2.2957144,2.5127778,1.9228572,1.8103225,4757.0,89.0,4668.0,-0.2199999999999999,1.69,1.69,1.69,2.455,1.69,1.15,,,,2.91,1.8988888888888888,1.9435483870967742,1.9435483870967742,1.9435483870967742,-1.726141078838181,0.3603752524531133
Onix,019c3ac3-ec71-70da-b909-5c6d4668e908,095/165,SV: Scarlet & Violet 151,Uncommon,Normal,44.0,71.62,0.665,1.24,0.09,0.995357143,1.009758065,1.895,1.895,0.095714286,0.12451613,1467.0,56.0,1411.0,1.15,1.24,1.24,1.24,1.24,1.24,0.09,,,,0.09,0.1,0.16100000000000003,0.16100000000000003,0.16100000000000003,-44.09937888198759,0.2051467094880956
Drowzee,019bffaa-1a47-7762-8bb5-39cc004d8656,096/165,SV: Scarlet & Violet 151,Common,Reverse_Holofoil,138.0,9.58,0.775,1.29,0.26,0.90464287,0.88810935,1.5407143,1.5294445,0.26857144,0.2467742,3633.0,46.0,3587.0,1.03,1.29,1.29,1.375,1.7,1.29,0.25,,,,0.29,0.44299999999999995,0.4581666666666668,0.4581666666666668,0.4581666666666668,-43.25209166969808,0.5042893315201676
Drowzee,019c3ac3-ec71-70da-b909-6161ce66c639,096/165,SV: Scarlet & Violet 151,Common,Normal,138.0,9.58,0.93,1.79,0.07,0.66523808,0.679408585,1.2633333,1.2633333,0.06714286,0.09548387,4879.0,19.0,4860.0,1.72,1.79,1.79,1.79,1.0,1.79,0.01,,,,0.25,0.075,0.21199999999999994,0.21199999999999994,0.21199999999999994,-66.98113207547168,0.3771160984685458
Hypno,019bffaa-1a47-7762-8bb5-3cce240b9d17,097/165,SV: Scarlet & Violet 151,Uncommon,Reverse_Holofoil,102.0,33.34,2.08,1.98,2.18,2.4478571,2.34288535,2.862857,2.7722223,2.0328572,1.9135484,4985.0,92.0,4893.0,-0.2000000000000001,1.98,2.19,2.42,2.65,1.98,1.81,,,,3.13,2.1615384615384614,2.1383333333333336,2.1383333333333336,2.1383333333333336,1.9485580670303901,0.563230113647646
Hypno,019c3ac3-ec71-70da-b909-66eb24ae4178,097/165,SV: Scarlet & Violet 151,Uncommon,Normal,102.0,33.34,1.06,1.99,0.13,0.99714286,1.011612905,1.89,1.89,0.10428572,0.13322581,3952.0,54.0,3898.0,1.86,1.99,2.24,2.24,1.99,1.99,0.13,,,,0.13,0.31666666666666665,0.35935483870967744,0.35935483870967744,0.35935483870967744,-63.824057450628366,0.6270190612938384
Krabby,019bffaa-1a47-7762-8bb5-422a5186e0a9,098/165,SV: Scarlet & Violet 151,Common,Reverse_Holofoil,111.0,27.4,1.065,1.82,0.31,0.9867143,0.961,1.672,1.672,0.3014286,0.25,3694.0,36.0,3658.0,1.51,1.82,1.9,1.82,1.785,1.82,0.29,,,,0.29,0.2925,0.3906451612903227,0.3906451612903227,0.3906451612903227,-20.644095788604478,0.4514785744925294
Krabby,019c3ac3-ec71-70da-b909-6b300db0f126,098/165,SV: Scarlet & Violet 151,Common,Normal,111.0,27.4,1.07,1.99,0.15,0.928571428,0.933709675,1.74,1.74,0.117142856,0.12741935,4176.0,19.0,4157.0,1.84,1.99,1.99,1.99,1.98,1.99,0.25,,,,0.25,0.32333333333333336,0.28866666666666674,0.28866666666666674,0.28866666666666674,-48.03695150115475,0.5051031532294159
Kingler,019bffaa-1a47-7762-8bb5-46436687e85d,099/165,SV: Scarlet & Violet 151,Uncommon,Reverse_Holofoil,67.0,56.44,1.72,1.8,1.64,1.8321429,1.8882661,1.97,2.1275,1.6942858,1.6490322,4844.0,88.0,4756.0,0.1600000000000001,1.8,1.99,1.99,1.995,1.8,1.46,,,,2.68,1.77,1.7246666666666666,1.7246666666666666,1.7246666666666666,-4.909161190568226,0.20078695749189132
Kingler,019c3ac3-ec71-70da-b909-6e8b2a510f58,099/165,SV: Scarlet & Violet 151,Uncommon,Normal,67.0,56.44,2.16,4.16,0.16,1.183,1.1857419400000002,2.236,2.236,0.13,0.13548388,4246.0,56.0,4190.0,4.0,1.51,4.16,4.16,1.89,6.81,0.02,,,,0.02,0.5788888888888889,0.486,0.486,0.486,-67.07818930041152,0.8975314805736285
Voltorb,019bffaa-1a47-7762-8bb5-4b52c5a6aa59,100/165,SV: Scarlet & Violet 151,Common,Reverse_Holofoil,134.0,12.22,0.6,0.99,0.21,0.83261906,0.815268835,1.4466667,1.4466667,0.21857142,0.18387097,3700.0,23.0,3677.0,0.78,0.99,0.99,0.99,1.46,0.99,0.18,,,,0.29,0.30000000000000004,0.25161290322580643,0.25161290322580643,0.25161290322580643,-16.538461538461533,0.26765770147950224
Voltorb,019c3ac3-ec71-70da-b909-7138ca47e95f,100/165,SV: Scarlet & Violet 151,Common,Normal,134.0,12.22,1.02,1.98,0.06,0.06428572,0.06580645,,,0.06428572,0.06580645,4420.0,16.0,4404.0,1.92,1.98,1.98,1.98,1.98,1.98,0.01,,,,0.01,0.27666666666666667,0.12733333333333333,0.12733333333333333,0.12733333333333333,-52.879581151832454,0.3502504850801075
Electrode,019bffaa-1a47-7762-8bb5-4e5834679cba,101/165,SV: Scarlet & Violet 151,Rare,Reverse_Holofoil,133.0,12.88,2.28,1.98,2.58,2.44571425,2.34665895,2.3542857,2.3542857,2.5371428,2.3390322,4758.0,42.0,4716.0,-0.6000000000000001,1.98,1.98,2.99,2.77,1.98,2.56,,,,3.93,2.508,2.3443333333333327,2.3443333333333327,2.3443333333333327,10.052609128394744,0.3675612389355223
Electrode,019c3ac3-ec71-70da-b909-74ec8b57cc6b,101/165,SV: Scarlet & Violet 151,Rare,Holofoil,133.0,12.88,0.76,1.27,0.25,0.75809522,0.75069891,1.2533333,1.2533333,0.26285714,0.24806452,6481.0,31.0,6450.0,1.02,1.27,1.27,1.27,1.38,1.27,0.19,,,,0.2,0.36888888888888893,0.3456666666666667,0.3456666666666667,0.3456666666666667,-27.67598842815815,0.31501158526405776
Exeggcute,019bffaa-1a47-7762-8bb5-514c5bde8a0a,102/165,SV: Scarlet & Violet 151,Common,Reverse_Holofoil,144.0,5.62,0.845,1.46,0.23,0.9703572,0.954596825,1.6750001,1.6750001,0.2657143,0.23419355,3585.0,22.0,3563.0,1.23,1.46,1.46,1.46,1.675,1.46,0.2,,,,0.29,0.26125,0.2738709677419355,0.2738709677419355,0.2738709677419355,-16.018845700824492,0.22127927180156812
Exeggcute,019c3ac3-ec71-70da-b909-79317740db3a,102/165,SV: Scarlet & Violet 151,Common,Normal,144.0,5.62,1.04,1.98,0.1,1.0325,1.0379838725,1.985,1.985,0.08,0.090967745,4220.0,18.0,4202.0,1.88,1.98,1.98,1.98,1.985,1.98,0.01,,,,0.25,0.07875,0.092,0.092,0.092,8.695652173913052,0.03284236120706263
Exeggcute,019bffaa-1a47-7762-8bb5-57e14f567536,103/165,SV: Scarlet & Violet 151,Uncommon,Reverse_Holofoil,144.0,5.62,1.525,1.49,1.56,1.7271429,1.89904565,1.9157143,2.1158333,1.5385715,1.682258,4753.0,74.0,4679.0,-0.07,1.49,1.46,1.46,2.0,1.49,2.79,,,,2.79,1.55625,1.6563333333333334,1.6563333333333334,1.6563333333333334,-5.816059569329847,0.19785894197518655
Exeggcute,019c3ac3-ec71-70da-b909-7da1c5451ab1,103/165,SV: Scarlet & Violet 151,Uncommon,Normal,144.0,5.62,1.43,2.69,0.17,1.207142855,1.211935485,2.27,2.27,0.14428571,0.15387097,3705.0,45.0,3660.0,2.52,2.69,2.69,2.195,2.34,2.69,0.02,,,,0.15,0.5529999999999999,0.3483333333333334,0.3483333333333334,0.3483333333333334,-51.196172248803826,0.6180898457920696
Exeggutor,019bffaa-1a47-7762-8bb5-57e14f567536,103/165,SV: Scarlet & Violet 151,Uncommon,Reverse_Holofoil,94.0,38.62,1.525,1.49,1.56,1.7271429,1.89904565,1.9157143,2.1158333,1.5385715,1.682258,4753.0,74.0,4679.0,-0.07,1.49,1.46,1.46,2.0,1.49,2.79,,,,2.79,1.55625,1.6563333333333334,1.6563333333333334,1.6563333333333334,-5.816059569329847,0.19785894197518655
Exeggutor,019c3ac3-ec71-70da-b909-7da1c5451ab1,103/165,SV: Scarlet & Violet 151,Uncommon,Normal,94.0,38.62,1.43,2.69,0.17,1.207142855,1.211935485,2.27,2.27,0.14428571,0.15387097,3705.0,45.0,3660.0,2.52,2.69,2.69,2.195,2.34,2.69,0.02,,,,0.15,0.5529999999999999,0.3483333333333334,0.3483333333333334,0.3483333333333334,-51.196172248803826,0.6180898457920696
Cubone,019bffaa-1a47-7762-8bb5-5a540df1c8c2,104/165,SV: Scarlet & Violet 151,Common,Reverse_Holofoil,32.0,79.54,1.235,2.17,0.3,0.9364286,0.9512742,1.5471429,1.599,0.3257143,0.3035484,5339.0,89.0,5250.0,1.87,2.17,1.395,1.5,1.5,2.17,0.15,,,,0.36,0.5288888888888889,0.7457526903225806,0.7457526903225806,0.7457526903225806,-59.77218669231581,0.6980324012234004
Cubone,019c3ac3-ec71-70da-b909-80b23ff19d5f,104/165,SV: Scarlet & Violet 151,Common,Normal,32.0,79.54,0.7775,1.355,0.2,0.6914285499999999,0.890366585,1.2428571,1.6236364,0.14,0.15709677,2705.0,57.0,2648.0,1.155,0.72,0.92,1.085,1.49,1.99,0.01,,,,0.41,0.44,0.3406666666666666,0.3406666666666666,0.3406666666666666,-41.29158512720155,0.4207602588200302
Cubone,019bffab-58b9-77cf-912c-e16586a24924,,SV: Scarlet & Violet 151,,Normal,32.0,79.54,,,,,,,,,,,,,,,,,,,,,,,,,,,,,
Marowak,019bffaa-1a47-7762-8bb5-5f6cfef304b7,105/165,SV: Scarlet & Violet 151,Rare,Reverse_Holofoil,41.0,73.6,1.7200000000000002,2.49,0.95,1.5524999999999998,1.5287902999999998,2.155,2.155,0.95,0.9025806,5359.0,90.0,5269.0,1.5400000000000005,2.49,2.49,2.49,2.24,2.49,1.45,,,,1.45,1.1222222222222225,1.1564516129032256,1.1564516129032256,1.1564516129032256,-17.85216178521617,0.5268304495572035
Marowak,019c3ac3-ec71-70da-b909-866a4d840ec9,105/165,SV: Scarlet & Violet 151,Rare,Holofoil,41.0,73.6,0.985,1.66,0.31,0.97464289,0.963606015,1.6678572,1.6678572,0.28142858,0.25935483,2721.0,76.0,2645.0,1.35,1.66,1.66,1.66,1.66,1.66,0.3,,,,0.4,0.4311111111111111,0.5049444433333333,0.5049444433333333,0.5049444433333333,-38.60710735748071,0.5618095542850366
Hitmonlee,019bffaa-1a47-7762-8bb5-60878b3389ee,106/165,SV: Scarlet & Violet 151,Uncommon,Reverse_Holofoil,60.0,61.06,2.1950000000000003,2.54,1.85,2.7410714,2.54330645,3.5192857,3.175,1.9628571,1.9116129,5132.0,80.0,5052.0,0.69,1.12,3.415,2.16,2.49,3.96,1.76,,,,3.32,2.2881818181818185,2.237166666666667,2.237166666666667,2.237166666666667,-17.30611636742905,1.025342401459086
Hitmonlee,019c3ac3-ec71-70da-b909-8a956b48e66f,106/165,SV: Scarlet & Violet 151,Uncommon,Normal,60.0,61.06,0.635,0.99,0.28,1.02452384,1.015860245,1.8233334,1.8233334,0.22571428,0.20838709,1567.0,49.0,1518.0,0.71,0.99,1.74,1.74,1.99,0.99,0.15,,,,0.15,0.30666666666666664,0.3816666666666666,0.3816666666666666,0.3816666666666666,-26.637554585152817,0.5374209377832391
Hitmonlee,019bffab-58b9-77cf-912c-df01bb94d795,,SV: Scarlet & Violet 151,,Normal,60.0,61.06,,,,,,,,,,,,,,,,,,,,,,,,,,,,,
Hitmonchan,019bffaa-1a47-7762-8bb5-6741867d37e1,107/165,SV: Scarlet & Violet 151,Uncommon,Reverse_Holofoil,53.0,65.68,1.85,2.09,1.61,1.9932143,2.0550565,2.355,2.4185,1.6314286,1.691613,5017.0,96.0,4921.0,0.4799999999999997,2.09,2.09,2.495,2.44,2.09,1.53,,,,2.96,1.8590909090909093,1.7765,1.7765,1.7765,-9.372361384745279,0.5183913280192072
Hitmonchan,019c3ac3-ec71-70da-b909-8dfcb57c3aef,107/165,SV: Scarlet & Violet 151,Uncommon,Normal,53.0,65.68,1.5550000000000002,2.99,0.12,1.113571405,1.12481565,2.0828571,2.0828571,0.14428571,0.1667742,5162.0,65.0,5097.0,2.87,2.99,2.99,2.65,1.99,2.99,0.01,,,,0.15,0.46111111111111114,0.44166666666666665,0.44166666666666665,0.44166666666666665,-72.83018867924528,0.7589606474434734
Hitmonchan,019bffab-58b9-77cf-912c-e9d78a420c0f,,SV: Scarlet & Violet 151,,Normal,53.0,65.68,,,,,,,,,,,,,,,,,,,,,,,,,,,,,
Lickitung,019bffaa-1a47-7762-8bb5-6828d83b9e9a,108/165,SV: Scarlet & Violet 151,Common,Reverse_Holofoil,100.0,34.66,0.64,0.99,0.29,0.96464285,0.96992943,1.6135714,1.644375,0.3157143,0.29548386,4171.0,54.0,4117.0,0.7,0.99,0.99,1.345,1.99,0.99,0.29,,,,0.29,0.39111111111111113,0.5501666666666666,0.5501666666666666,0.5501666666666666,-47.28870039382005,0.5361009994480475
Lickitung,019c3ac3-ec71-70da-b909-9010d1e65ccd,108/165,SV: Scarlet & Violet 151,Common,Normal,100.0,34.66,0.5700000000000001,1.04,0.1,0.72767857,0.73060484,1.3525,1.3525,0.10285714,0.10870968,4724.0,25.0,4699.0,0.94,1.04,1.51,1.51,1.22,1.04,0.01,,,,0.25,0.105,0.20199999999999999,0.20199999999999999,0.20199999999999999,-50.49504950495049,0.3767959294018357
Koffing,019bffaa-1a47-7762-8bb5-6e10d98029f6,109/165,SV: Scarlet & Violet 151,Common,Reverse_Holofoil,129.0,15.52,1.15,1.99,0.31,1.3682143,1.35185485,2.435,2.435,0.3014286,0.2687097,4225.0,33.0,4192.0,1.68,1.99,1.99,1.99,2.34,1.99,0.26,,,,0.29,0.295,0.4473333333333332,0.4473333333333332,0.4473333333333332,-30.700447093889693,0.5685913224399604
Koffing,019c3ac3-ec71-70da-b909-95c5f7c783cb,109/165,SV: Scarlet & Violet 151,Common,Normal,129.0,15.52,0.97,1.79,0.15,0.93357138,0.93435479,1.7199999,1.7199999,0.14714286,0.14870968,6199.0,25.0,6174.0,1.64,1.79,1.79,1.79,1.72,1.79,0.15,,,,0.15,0.3333333333333333,0.256,0.256,0.256,-41.40625000000001,0.3988569875929519
Weezing,019bffaa-1a47-7762-8bb5-70a7bb5beb2e,110/165,SV: Scarlet & Violet 151,Rare,Reverse_Holofoil,107.0,30.04,2.35,2.99,1.71,2.2985714,2.2388575,2.662857,2.7141666,1.9342858,1.7635484,5238.0,87.0,5151.0,1.2800000000000002,2.99,2.99,2.99,2.99,2.99,0.3,,,,1.85,2.116,1.9112903225806455,1.9112903225806455,1.9112903225806455,-10.53164556962027,0.5341519255510483
Weezing,019c3ac3-ec71-70da-b909-9b3455d09f77,110/165,SV: Scarlet & Violet 151,Rare,Holofoil,107.0,30.04,1.6,2.9,0.3,0.95857145,1.135456975,1.6228572,1.9983333,0.2942857,0.27258065,7597.0,79.0,7518.0,2.6,2.9,2.9,1.7,1.7,2.9,0.32,,,,0.32,0.58,0.5812903225806452,0.5812903225806452,0.5812903225806452,-48.3906770255272,0.6371851742127708
Weezing,019bffab-58b9-77cf-912c-eefbc639b60e,,SV: Scarlet & Violet 151,,Normal,107.0,30.04,,,,,,,,,,,,,,,,,,,,,,,,,,,,,
Rhyhorn,019bffaa-1a47-7762-8bb4-bb21fb8839c2,111/165,SV: Scarlet & Violet 151,Common,Reverse_Holofoil,65.0,57.76,1.125,1.98,0.27,0.980595225,0.973682785,1.6783333,1.6783333,0.28285715,0.26903227,3728.0,31.0,3697.0,1.71,1.98,1.98,1.98,1.66,1.98,0.29,,,,0.29,0.28250000000000003,0.4183333333333333,0.4183333333333333,0.4183333333333333,-35.45816733067728,0.4600306086767926
Rhyhorn,019c3ac3-ec71-70da-b908-fc57eee66dfb,111/165,SV: Scarlet & Violet 151,Common,Normal,65.0,57.76,0.54,0.99,0.09,0.5746428079999999,0.5766935,1.0749999,1.0749999,0.074285716,0.0783871,3998.0,24.0,3974.0,0.9,0.99,0.99,1.075,0.99,0.99,0.01,,,,0.4,0.1766666666666667,0.14366666666666666,0.14366666666666666,0.14366666666666666,-37.35498839907193,0.2551873325865602
Rhydon,019bffaa-1a47-7762-8bb4-c3bec2ef9521,112/165,SV: Scarlet & Violet 151,Uncommon,Reverse_Holofoil,50.0,67.66,0.99,1.75,0.23,0.91071429,0.93103226,1.5957143,1.644,0.22571428,0.21806452,3791.0,43.0,3748.0,1.52,1.75,1.52,1.52,1.595,1.75,0.1,,,,0.6,0.39222222222222225,0.43366666666666664,0.43366666666666664,0.43366666666666664,-46.963873943120674,0.5265861643698466
Rhydon,019c3ac3-ec71-70da-b909-06ce2690b58e,112/165,SV: Scarlet & Violet 151,Uncommon,Normal,50.0,67.66,1.06,2.0,0.12,1.02607138,1.024919305,1.9449999,1.9449999,0.10714286,0.10483871,3707.0,25.0,3682.0,1.88,2.0,2.0,2.0,1.945,2.0,0.25,,,,0.25,0.105,0.16700000000000007,0.16700000000000007,0.16700000000000007,-28.143712574850333,0.34638179055427587
Chansey,019bffaa-1a47-7762-8bb4-c8fe5a076bd9,113/165,SV: Scarlet & Violet 151,Rare,Reverse_Holofoil,80.0,47.86,1.845,2.25,1.44,1.6857143,1.67020525,1.96,2.0536363,1.4114286,1.2867742,5534.0,110.0,5424.0,0.81,2.25,2.25,1.87,1.99,2.25,1.4,,,,2.27,1.511111111111111,1.4535483870967745,1.4535483870967745,1.4535483870967745,-0.932090545938771,0.31978689140422645
Chansey,019c3ac3-ec71-70da-b909-08e42511068c,113/165,SV: Scarlet & Violet 151,Rare,Holofoil,80.0,47.86,1.0125,1.645,0.38,0.85392858,1.054405235,1.3464286,1.786875,0.36142856,0.32193547,12283.0,136.0,12147.0,1.265,1.5,1.25,1.5,1.97,1.79,0.32,,,,0.54,0.7649999999999999,0.9175,0.9175,0.9175,-58.58310626702997,0.7363982126446308
Tangela,019bffaa-1a47-7762-8bb4-d973499859ec,114/165,SV: Scarlet & Violet 151,Common,Reverse_Holofoil,124.0,18.82,0.78,1.29,0.27,0.9778571,1.02927419,1.6857142,1.775,0.27,0.28354838,3702.0,42.0,3660.0,1.02,1.29,1.29,1.545,1.695,1.29,0.27,,,,0.27,0.38333333333333336,0.6063333333333334,0.6063333333333334,0.6063333333333334,-55.470038482682796,0.6169808767691675
Tangela,019bffab-58b9-77cf-912b-8bed64c35123,178/165,SV: Scarlet & Violet 151,Illustration Rare,Holofoil,124.0,18.82,20.1075,17.915,22.3,19.292500500000003,17.3093735,18.129286,16.216167,20.455715,18.40258,7713.0,466.0,7247.0,-4.385000000000002,15.84,18.83,17.99,15.99,19.99,18.0,,,,19.18,19.229270875,18.183805600000003,18.183805600000003,18.183805600000003,22.636594839091313,2.5109222498268693
Tangela,019c3ac3-ec71-70da-b909-0d9f619e762e,114/165,SV: Scarlet & Violet 151,Common,Normal,124.0,18.82,0.98,1.88,0.08,2.166190345,2.1760751375,4.2466664,4.2466664,0.08571429,0.105483875,3498.0,23.0,3475.0,1.7999999999999998,1.88,1.88,1.88,1.93,1.88,0.08,,,,0.08,0.28555555555555556,0.5206666666666666,0.5206666666666666,0.5206666666666666,-84.63508322663252,1.6629137977810435
Kangaskhan,019bffaa-1a47-7762-8bb4-e1e25136e2ab,115/165,SV: Scarlet & Violet 151,Double Rare,Holofoil,48.0,68.98,1.5266666999999998,1.8433334,1.21,1.70499995,1.70398235,2.1942856,2.1611905,1.2157143,1.2467742,12300.0,284.0,12016.0,0.6333333999999999,0.99,2.27,1.99,1.99,3.29,0.99,,,,2.99,1.5861111166666666,1.6060000033333337,1.6060000033333337,1.6060000033333337,-24.657534402952418,0.6172280161374571
Kangaskhan,019bffab-58b9-77cf-912b-6314ac263dd0,190/165,SV: Scarlet & Violet 151,Ultra Rare,Holofoil,48.0,68.98,10.8,12.99,8.61,8.4992855,8.016603,9.061428,8.2973995,7.937143,7.7358065,5928.0,267.0,5661.0,4.380000000000001,12.99,10.49,7.99,7.99,12.99,7.0,,,,7.36,8.344242409090908,8.227311822580646,8.227311822580646,8.227311822580646,4.651436406834969,1.1433107984706705
Horsea,019bffaa-1a47-7762-8bb4-e71ff5eeb7f4,116/165,SV: Scarlet & Violet 151,Common,Reverse_Holofoil,101.0,34.0,0.48,0.72,0.24,0.86625,0.8514112899999999,1.4725,1.4725,0.26,0.23032258,3716.0,40.0,3676.0,0.48,0.72,1.505,1.59,1.645,0.72,0.3,,,,0.3,0.25625,0.3975,0.3975,0.3975,-39.62264150943397,0.47930400330709405
Horsea,019c3ac3-ec71-70da-b909-110a9e64b732,116/165,SV: Scarlet & Violet 151,Common,Normal,101.0,34.0,1.04,1.99,0.09,0.925714285,0.92951613,1.76,1.76,0.09142857,0.09903226,4092.0,27.0,4065.0,1.9,1.99,1.985,1.985,1.98,1.99,0.01,,,,0.25,0.3022222222222222,0.22500000000000003,0.22500000000000003,0.22500000000000003,-60.00000000000001,0.4792289065025045
Seadra,019bffaa-1a47-7762-8bb4-eb5a982812e7,117/165,SV: Scarlet & Violet 151,Uncommon,Reverse_Holofoil,66.0,57.1,0.8099999999999999,1.39,0.23,0.84809527,0.836827985,1.4333334,1.4333334,0.26285714,0.24032257,3706.0,31.0,3675.0,1.16,1.39,1.39,1.39,1.45,1.39,0.27,,,,0.4,0.38555555555555554,0.31966666666666665,0.31966666666666665,0.31966666666666665,-28.050052137643373,0.30020089059268906
Seadra,019c3ac3-ec71-70da-b909-1414493cfa8f,117/165,SV: Scarlet & Violet 151,Uncommon,Normal,66.0,57.1,1.04,1.99,0.09,1.0369047775,1.044623672,1.9866667,1.9866667,0.087142855,0.102580644,3784.0,36.0,3748.0,1.9,1.99,1.985,1.985,1.99,1.99,0.01,,,,0.25,0.29888888888888887,0.22799999999999995,0.22799999999999995,0.22799999999999995,-60.52631578947367,0.4780448687641404
Goldeen,019bffaa-1a47-7762-8bb5-75743774c299,118/165,SV: Scarlet & Violet 151,Common,Reverse_Holofoil,142.0,6.94,0.945,1.66,0.23,0.888095225,0.87698923,1.5233333,1.5233333,0.25285715,0.23064516,3496.0,38.0,3458.0,1.43,1.66,1.66,1.66,1.55,1.66,0.18,,,,0.29,0.25125,0.3606451612903226,0.3606451612903226,0.3606451612903226,-36.22540250447227,0.3923853164418105
Goldeen,019c3ac3-ec71-70da-b909-9cdf6a91aab6,118/165,SV: Scarlet & Violet 151,Common,Normal,142.0,6.94,1.065,1.99,0.14,0.8584285730000001,0.84635484,1.594,1.594,0.122857146,0.09870968,3761.0,23.0,3738.0,1.85,1.99,2.33,2.33,1.31,1.99,0.01,,,,0.01,0.3244444444444444,0.28099999999999997,0.28099999999999997,0.28099999999999997,-50.17793594306049,0.5883252091523342
Seaking,019bffaa-1a47-7762-8bb5-7a5edd9ffccb,119/165,SV: Scarlet & Violet 151,Uncommon,Reverse_Holofoil,132.0,13.54,2.635,3.88,1.39,1.9278572,1.9076959,2.5357144,2.5357144,1.32,1.2796774,4508.0,58.0,4450.0,2.49,3.88,3.88,3.185,2.49,3.88,1.96,,,,1.96,1.5955555555555556,1.51,1.51,1.51,-7.947019867549676,0.6677703507788515
Seaking,019c3ac3-ec71-70da-b909-a2f1ea6a3456,119/165,SV: Scarlet & Violet 151,Uncommon,Normal,132.0,13.54,1.525,2.9,0.15,1.11128572,1.11216129,2.094,2.094,0.12857144,0.13032258,3622.0,40.0,3582.0,2.75,2.9,2.9,2.445,1.99,2.9,0.15,,,,0.15,0.5900000000000001,0.4030000000000001,0.4030000000000001,0.4030000000000001,-62.77915632754344,0.8472354637492949
Staryu,019bffaa-1a47-7762-8bb5-7e04cb162941,120/165,SV: Scarlet & Violet 151,Common,Reverse_Holofoil,92.0,39.94,1.135,1.99,0.28,1.05857141,1.07460484,1.8285714,1.8705,0.28857142,0.27870968,4211.0,54.0,4157.0,1.71,1.99,1.99,1.87,1.99,1.99,0.29,,,,0.29,0.7966666666666667,0.7053333333333335,0.7053333333333335,0.7053333333333335,-60.302457466918725,0.7232433335608631
Staryu,019c3ac3-ec71-70da-b909-a764bfe5a7a1,120/165,SV: Scarlet & Violet 151,Common,Normal,92.0,39.94,1.06,1.99,0.13,1.000714287,1.009032255,1.89,1.89,0.111428574,0.12806451,4470.0,28.0,4442.0,1.86,1.99,1.99,1.99,1.89,1.99,0.15,,,,0.15,0.3233333333333334,0.24566666666666667,0.24566666666666667,0.24566666666666667,-47.08276797829036,0.4487198906109301
Starmie,019bffaa-1a47-7762-8bb5-8207ed8c8ef6,121/165,SV: Scarlet & Violet 151,Rare,Reverse_Holofoil,49.0,68.32,1.92,2.99,0.85,1.602857175,1.60605995,2.3985715,2.3985715,0.80714285,0.8135484,5162.0,86.0,5076.0,2.14,2.99,2.99,2.99,1.99,2.99,0.72,,,,1.38,1.244,1.1053333333333333,1.1053333333333333,1.1053333333333333,-23.10012062726176,0.627169246988256
Starmie,019c3ac3-ec71-70da-b909-a941a7dde770,121/165,SV: Scarlet & Violet 151,Rare,Holofoil,49.0,68.32,0.88,1.49,0.27,0.27571428,0.26193547,,,0.27571428,0.26193547,7476.0,95.0,7381.0,1.22,1.49,1.31,1.31,1.38,1.49,0.19,,,,0.35,0.5572727272727273,0.7113333333333335,0.7113333333333335,0.7113333333333335,-62.04311152764762,0.6995995570538085
Mr. Mime,019bffaa-1a47-7762-8bb5-8584ca6ebcb4,122/165,SV: Scarlet & Violet 151,Rare,Reverse_Holofoil,119.0,22.12,1.3050000000000002,1.49,1.12,1.3807143,1.336326175,1.7914286,1.8355556,0.97,0.83709675,5181.0,88.0,5093.0,0.3699999999999999,1.49,1.545,1.795,1.99,1.49,1.0,,,,1.4,0.9612499999999999,1.0066666666666666,1.0066666666666666,1.0066666666666666,11.258278145695384,0.39171887644191916
Mr. Mime,019bffab-58b9-77cf-912b-6deb4f89a22e,179/165,SV: Scarlet & Violet 151,Illustration Rare,Holofoil,119.0,22.12,15.325,15.0,15.65,15.2878575,15.8896625,15.18,15.533519,15.395715,16.245806,7353.0,368.0,6985.0,-0.6500000000000004,15.0,15.0,16.0,15.49,15.0,15.25,,,,16.24,15.090769230769231,16.246317161290317,16.246317161290317,16.246317161290317,-3.670475932300193,1.6146509622699903
Mr. Mime,019c3ac3-ec71-70da-b909-ae150d49487f,122/165,SV: Scarlet & Violet 151,Rare,Holofoil,119.0,22.12,1.65,3.0,0.3,1.118571485,0.97625806,1.9457144,1.688,0.29142857,0.26451612,7828.0,99.0,7729.0,2.7,3.0,3.0,1.7,1.39,3.0,0.23,,,,0.26,0.6920000000000001,0.7736666666666667,0.7736666666666667,0.7736666666666667,-61.223610512710046,0.8685520385550659
Scyther,019bffaa-1a47-7762-8bb5-893592a2f0a7,123/165,SV: Scarlet & Violet 151,Uncommon,Reverse_Holofoil,21.0,86.8,2.95,2.85,3.05,2.87625,2.80979835,3.0425,3.0425,2.71,2.5770967,5104.0,33.0,5071.0,-0.1999999999999997,2.71,2.85,2.85,2.99,2.99,2.88,,,,3.84,2.7055555555555557,2.6236666666666664,2.6236666666666664,2.6236666666666664,16.24952356752637,0.18018158146395147
Scyther,019c3ac3-ec71-70da-b909-b1183fa97b92,123/165,SV: Scarlet & Violet 151,Uncommon,Normal,21.0,86.8,2.95,5.74,0.16,0.14857143,0.16548388,,,0.14857143,0.16548388,7049.0,21.0,7028.0,5.58,5.74,5.74,5.74,5.74,5.74,0.16,,,,0.16,0.7711111111111113,0.3516666666666667,0.3516666666666667,0.3516666666666667,-54.502369668246445,1.0180172863966008
Scyther,019bffab-58b9-77cf-912c-eefbc639b60e,,SV: Scarlet & Violet 151,,Normal,21.0,86.8,,,,,,,,,,,,,,,,,,,,,,,,,,,,,
Jynx,019bffaa-1a47-7762-8bb5-8c835df901c6,124/165,SV: Scarlet & Violet 151,Double Rare,Holofoil,141.0,7.6,1.7,1.99,1.41,1.8210714,1.9200339,2.3507142,2.576842,1.2914286,1.2632258,10875.0,278.0,10597.0,0.5800000000000001,1.99,2.37,2.25,2.29,1.99,1.24,,,,2.49,1.6849999999999998,1.763722223333333,1.763722223333333,1.763722223333333,-20.055438359495096,0.7618720265986524
Jynx,019bffab-58b9-77cf-912b-5ff11fa9483b,191/165,SV: Scarlet & Violet 151,Ultra Rare,Holofoil,141.0,7.6,7.5075,6.585,8.43,8.1564287,8.3361415,7.9642854,8.786154,8.348572,7.886129,6192.0,337.0,5855.0,-1.845,5.5,7.335,7.67,7.995,7.67,6.9,,,,7.99,7.952307692307692,8.159000033333335,8.159000033333335,8.159000033333335,3.3214850540446497,0.7657868342242996
Electabuzz,019bffaa-1a47-7762-8bb5-921f851e28bc,125/165,SV: Scarlet & Violet 151,Common,Reverse_Holofoil,47.0,69.64,1.18,1.69,0.67,1.36714285,1.3705991,2.0757143,2.0757143,0.6585714,0.6654839,4764.0,93.0,4671.0,1.02,1.69,1.69,1.74,2.19,1.69,0.67,,,,0.88,0.9463636363636364,0.9493333333333334,0.9493333333333334,0.9493333333333334,-29.424157303370784,0.5826155847042113
Electabuzz,019c3ac3-ec71-70da-b909-b46ffd3ef87b,125/165,SV: Scarlet & Violet 151,Common,Normal,47.0,69.64,1.76,3.4,0.12,1.15214283,1.036475808,2.2071428,1.9665,0.09714286,0.106451616,2051.0,212.0,1839.0,3.28,3.0,2.595,2.0,1.99,3.8,0.01,,,,0.01,0.9515384615384617,0.8371666666666665,0.8371666666666665,0.8371666666666665,-85.66593669122038,1.04183333379303
Electabuzz,019bffab-58b9-77cf-912c-d4751a196902,,SV: Scarlet & Violet 151,,Normal,47.0,69.64,,,,,,,,,,,,,,,,,,,,,,,,,,,,,
Magmar,019bffaa-1a47-7762-8bb5-96ef5db53240,126/165,SV: Scarlet & Violet 151,Common,Reverse_Holofoil,61.0,60.4,2.425,2.89,1.96,2.35071435,2.24455645,2.8042858,2.7275,1.8971429,1.7616129,4781.0,85.0,4696.0,0.9300000000000002,2.89,2.44,2.4,2.69,2.89,2.75,,,,2.75,2.029090909090909,1.9863333333333335,1.9863333333333335,1.9863333333333335,-1.3257257929182853,0.5866120337675657
Magmar,019c3ac3-ec71-70da-b909-bbee9871601d,126/165,SV: Scarlet & Violet 151,Common,Normal,61.0,60.4,1.045,1.99,0.1,1.22000005,1.223548435,2.3500001,2.3500001,0.09,0.09709677,1869.0,46.0,1823.0,1.89,1.99,1.99,2.07,2.15,1.99,0.01,,,,0.25,0.485,0.32099999999999995,0.32099999999999995,0.32099999999999995,-68.84735202492212,0.7002824553288332
Pinsir,019bffab-58b9-77cf-912a-90e483632445,127/165,SV: Scarlet & Violet 151,Uncommon,Reverse_Holofoil,75.0,51.16,3.265,4.63,1.9,2.4928572,2.31381235,3.1785715,2.7718182,1.8071429,1.8558065,4626.0,76.0,4550.0,2.73,4.63,2.99,2.99,2.77,4.63,2.86,,,,2.86,2.2900000000000005,2.124666666666667,2.124666666666667,2.124666666666667,-10.574207718857885,0.7083917352529691
Pinsir,019c3ac3-ec71-70da-b909-be4bc941ea79,127/165,SV: Scarlet & Violet 151,Uncommon,Normal,75.0,51.16,0.885,1.59,0.18,1.052857145,1.05983871,1.98,1.98,0.12571429,0.13967742,3918.0,39.0,3879.0,1.41,1.59,1.59,1.59,2.15,1.59,0.01,,,,0.25,0.12125,0.2709677419354839,0.2709677419354839,0.2709677419354839,-33.57142857142858,0.531515787402467
Taurus,019bffab-58b9-77cf-912a-954c14a757e6,128/165,SV: Scarlet & Violet 151,Uncommon,Reverse_Holofoil,,,1.775,2.19,1.36,1.8185715,1.7020409,2.3185716,2.1773076,1.3185714,1.2267742,4768.0,85.0,4683.0,0.8299999999999998,2.19,2.19,2.19,1.99,2.19,1.97,,,,2.05,1.6118181818181818,1.5543333333333333,1.5543333333333333,1.5543333333333333,-12.50268067767531,0.5355415134643421
Taurus,019c3ac3-ec71-70da-b909-c243946fc825,128/165,SV: Scarlet & Violet 151,Uncommon,Normal,,,2.705,5.27,0.14,1.61166665,1.61279568,3.0833333,3.0833333,0.14,0.14225806,4110.0,46.0,4064.0,5.13,5.27,5.27,5.27,2.09,5.27,0.15,,,,0.15,1.167,0.6603333333333332,0.6603333333333332,0.6603333333333332,-78.79858657243815,1.3654643856599655
Magikarp,019bffab-58b9-77cf-912a-9a9b69ca4c1b,129/165,SV: Scarlet & Violet 151,Common,Reverse_Holofoil,89.0,41.92,1.165,1.99,0.34,1.10857142,1.10354839,1.9,1.9,0.31714284,0.30709678,5645.0,39.0,5606.0,1.65,1.99,1.99,1.99,1.78,1.99,0.29,,,,0.4,0.5022222222222221,0.5723333333333331,0.5723333333333331,0.5723333333333331,-40.59405940594057,0.655857865874829
Magikarp,019c3ac3-ec71-70da-b909-c78a6a56bd5b,129/165,SV: Scarlet & Violet 151,Common,Normal,89.0,41.92,0.715,1.22,0.21,1.01535714,1.019596775,1.855,1.855,0.17571428,0.18419355,7040.0,15.0,7025.0,1.01,1.22,1.22,1.22,1.855,1.22,0.21,,,,0.21,0.1775,0.21933333333333335,0.21933333333333335,0.21933333333333335,-4.255319148936182,0.19091311136732864
Gyarados,019bffab-58b9-77cf-912a-9f070ef58a49,130/165,SV: Scarlet & Violet 151,Rare,Reverse_Holofoil,2.0,99.34,1.635,1.5,1.77,2.0228572,2.1508115,2.1685715,2.4596875,1.8771429,1.8419355,5754.0,149.0,5605.0,-0.27,1.5,1.595,1.99,2.5,1.5,1.58,,,,3.06,1.959285714285714,2.2120806451612904,2.2120806451612904,2.2120806451612904,-19.984834012643187,0.7134978637759914
Gyarados,019c3ac3-ec71-70da-b909-cb0f57179735,130/165,SV: Scarlet & Violet 151,Rare,Holofoil,2.0,99.34,1.045,1.74,0.35,1.12178577,1.123983025,1.9150001,1.9186112,0.32857144,0.32935485,12898.0,148.0,12750.0,1.39,1.74,1.74,1.845,1.935,1.74,0.25,,,,0.44,0.48666666666666664,0.8398888866666667,0.8398888866666667,0.8398888866666667,-58.32782103010404,0.7522401930503034
Lapras,019bffab-58b9-77cf-912a-a152c8245599,131/165,SV: Scarlet & Violet 151,Uncommon,Reverse_Holofoil,13.0,92.08,3.595,4.42,2.77,3.1731428,3.2435806,3.642,3.642,2.7042856,2.8451612,4950.0,37.0,4913.0,1.65,2.19,2.19,3.32,2.99,6.65,4.29,,,,4.29,3.0645454545454545,2.8810000000000002,2.8810000000000002,2.8810000000000002,-3.852828878861513,0.6218900557006121
Lapras,019c3ac3-ec71-70da-b909-ceb719f10443,131/165,SV: Scarlet & Violet 151,Uncommon,Normal,13.0,92.08,1.065,1.98,0.15,1.04580357,1.054697585,1.95875,1.95875,0.13285714,0.15064517,4845.0,25.0,4820.0,1.83,1.98,1.98,1.98,1.98,1.98,0.4,,,,0.4,0.135,0.21200000000000002,0.21200000000000002,0.21200000000000002,-29.245283018867934,0.33487414002154964
Ditto,019bffab-58b9-77cf-912a-a7c7215dd964,132/165,SV: Scarlet & Violet 151,Rare,Reverse_Holofoil,46.0,70.3,3.28,2.99,3.57,3.84642875,2.7297903000000003,3.1200001,2.657,4.5728574,2.8025806,5741.0,173.0,5568.0,-0.5799999999999996,2.99,2.99,2.99,2.02,2.99,0.4,,,,5.6,3.936153846153847,3.1331666666666664,3.1331666666666664,3.1331666666666664,13.942230969732435,1.1995261157218924
Ditto,019c3ac3-ec71-70da-b909-d2c4c1a9bc97,132/165,SV: Scarlet & Violet 151,Rare,Holofoil,46.0,70.3,1.195,1.75,0.64,1.01071428,1.0823,1.54,1.7146,0.48142856,0.45,13644.0,267.0,13377.0,1.11,1.75,1.09,1.58,1.725,1.75,0.2,,,,2.99,0.9766666666666667,0.9985483870967742,0.9985483870967742,0.9985483870967742,-35.90696171862381,0.7264745849516315
Eevee,019bffab-58b9-77cf-912a-ab10b2406a23,133/165,SV: Scarlet & Violet 151,Common,Reverse_Holofoil,22.0,86.14,1.7200000000000002,2.99,0.45,1.435,1.40413985,2.4142857,2.3866668,0.4557143,0.4216129,7795.0,54.0,7741.0,2.54,2.99,2.285,2.49,2.19,2.99,0.4,,,,0.67,0.8150000000000001,0.762,0.762,0.762,-40.94488188976378,0.8165250170376139
Eevee,019c3ac3-ec71-70da-b909-d655ad5a4f26,133/165,SV: Scarlet & Violet 151,Common,Normal,22.0,86.14,0.635,1.07,0.2,0.76869049,0.775349475,1.3416667,1.3416667,0.19571428,0.20903225,11724.0,30.0,11694.0,0.8700000000000001,1.07,1.07,1.07,1.43,1.07,0.18,,,,0.29,0.381,0.3221666666666667,0.3221666666666667,0.3221666666666667,-37.92033109156752,0.3688511599018221
Vaporeon,019bffab-58b9-77cf-912a-ac5e9cd9f62a,134/165,SV: Scarlet & Violet 151,Rare,Reverse_Holofoil,24.0,84.82,2.365,2.19,2.54,2.39214295,2.3247883,2.4442859,2.663125,2.34,1.9864516,5588.0,121.0,5467.0,-0.3500000000000001,2.19,2.085,2.085,2.29,2.19,1.93,,,,3.48,2.2830555500000003,2.2711827935483875,2.2711827935483875,2.2711827935483875,11.83600048464727,0.5077806079577295
Vaporeon,019c3ac3-ec71-70da-b909-d830ce2308bc,134/165,SV: Scarlet & Violet 151,Rare,Holofoil,24.0,84.82,1.125,1.89,0.36,1.00357145,1.06671935,1.6571429,1.7786,0.35,0.3548387,12806.0,153.0,12653.0,1.5299999999999998,1.89,1.89,1.57,1.82,1.89,0.25,,,,0.4,0.626,0.7898333333333335,0.7898333333333335,0.7898333333333335,-54.42076387423508,0.6312268887313588
Jolteon,019bffab-58b9-77cf-912a-b353e5094c02,135/165,SV: Scarlet & Violet 151,Rare,Reverse_Holofoil,19.0,88.12,5.085,6.73,3.44,3.29678565,2.86064085,3.255,2.9028947,3.3385713,2.818387,5295.0,134.0,5161.0,3.2900000000000005,6.73,2.92,2.92,2.565,6.73,2.1,,,,2.1,3.411923076923077,3.113,3.113,3.113,10.504336652746545,0.9411599592872177
Jolteon,019c3ac3-ec71-70da-b909-dc683506fb89,135/165,SV: Scarlet & Violet 151,Rare,Holofoil,19.0,88.12,1.18,1.99,0.37,1.064285715,1.023185485,1.79,1.7325,0.33857143,0.31387097,12451.0,123.0,12328.0,1.62,1.99,1.99,1.79,1.85,1.99,0.28,,,,0.97,0.5188888888888887,0.6583333333333333,0.6583333333333333,0.6583333333333333,-43.79746835443038,0.6491218648314805
Flareon,019bffab-58b9-77cf-912a-b6107c21a376,136/165,SV: Scarlet & Violet 151,Rare,Reverse_Holofoil,35.0,77.56,3.1100000000000003,3.79,2.43,2.58500005,2.2771774,2.5242858,2.295,2.6457143,2.2593548,5531.0,139.0,5392.0,1.36,3.79,2.49,2.13,1.99,3.79,1.25,,,,3.89,2.6058333333333334,2.381,2.381,2.381,2.0579588408231997,0.5276434271427027
Flareon,019c3ac3-ec71-70da-b909-e3f3e40a971d,136/165,SV: Scarlet & Violet 151,Rare,Holofoil,35.0,77.56,1.02,1.71,0.33,0.93892855,0.9178898,1.5735714,1.5241667,0.3042857,0.3116129,13262.0,120.0,13142.0,1.38,1.71,1.71,1.6,1.57,1.71,0.3,,,,0.44,0.67,0.6895000000000001,0.6895000000000001,0.6895000000000001,-52.1392313270486,0.6007729934469195
Porygon,019bffab-58b9-77cf-912a-b9869ecab2e3,137/165,SV: Scarlet & Violet 151,Common,Reverse_Holofoil,82.0,46.54,1.04,1.8,0.28,0.93922615,0.936922,1.6141666,1.6141666,0.2642857,0.2596774,3949.0,49.0,3900.0,1.52,1.8,1.775,1.75,1.7,1.8,0.29,,,,0.29,0.6727272727272727,0.4804999999999999,0.4804999999999999,0.4804999999999999,-41.72736732570238,0.5163037564898373
Porygon,019c3ac3-ec71-70da-b909-e48bff47ce7f,137/165,SV: Scarlet & Violet 151,Common,Normal,82.0,46.54,1.03,1.99,0.07,0.68452379,0.694569875,1.2933333,1.2933333,0.07571428,0.09580645,6242.0,26.0,6216.0,1.92,1.29,1.29,1.64,1.29,2.69,0.07,,,,0.07,0.5354545454545454,0.32466666666666666,0.32466666666666666,0.32466666666666666,-78.4394250513347,0.5472295952203768
Omanyte,019bffab-58b9-77cf-912a-be28c7894c06,138/165,SV: Scarlet & Violet 151,Uncommon,Reverse_Holofoil,109.0,28.72,2.22,2.5,1.94,2.1628571,2.35936825,2.4471428,2.9058332,1.8785714,1.8129033,4764.0,113.0,4651.0,0.56,2.5,2.495,2.5,2.5,2.5,2.44,,,,2.99,2.1825,1.96144444,1.96144444,1.96144444,-1.0932983653618051,0.4257413444162302
Omanyte,019bffab-58b9-77cf-912b-7a36ceda5109,180/165,SV: Scarlet & Violet 151,Illustration Rare,Holofoil,109.0,28.72,17.310000000000002,17.71,16.91,16.2253575,16.652373,15.093572,15.415714,17.357143,17.889032,7200.0,430.0,6770.0,0.8000000000000007,14.99,15.17,15.0,15.0,20.08,16.91,,,,16.91,16.835238035714287,16.97438708064516,16.97438708064516,16.97438708064516,-0.3793190313102864,2.1297324318492454
Omanyte,019c3ac3-ec71-70da-b909-e88eb271cae9,138/165,SV: Scarlet & Violet 151,Uncommon,Normal,109.0,28.72,1.055,1.99,0.12,1.095,1.104193545,2.06,2.06,0.13,0.14838709,4946.0,50.0,4896.0,1.87,1.99,1.99,1.995,1.99,1.99,0.1,,,,0.25,0.7536363636363634,0.5876666666666668,0.5876666666666668,0.5876666666666668,-79.58026091888827,0.9118442219247054
Omanyte,019bffab-58b9-77cf-912c-cfd03260b04f,,SV: Scarlet & Violet 151,,Normal,109.0,28.72,,,,,,,,,,,,,,,,,,,,,,,,,,,,,
Omastar,019bffab-58b9-77cf-912a-c126010d0828,139/165,SV: Scarlet & Violet 151,Rare,Reverse_Holofoil,96.0,37.3,1.505,1.88,1.13,1.455,1.5670000000000002,1.6557143,1.864,1.2542857,1.27,5160.0,103.0,5057.0,0.75,1.88,1.99,1.99,1.935,1.88,0.75,,,,1.39,1.3599999999999999,1.355,1.355,1.355,-16.60516605166052,0.33762864725653224
Omastar,019c3ac3-ec71-70da-b909-ec972363fa26,139/165,SV: Scarlet & Violet 151,Rare,Holofoil,96.0,37.3,0.65,0.99,0.31,0.87999996,0.93600807,1.4714285,1.5975,0.28857142,0.27451614,2548.0,80.0,2468.0,0.6799999999999999,0.99,0.99,0.99,1.78,0.99,0.26,,,,0.29,0.3633333333333333,0.4733333333333334,0.4733333333333334,0.4733333333333334,109.15492957746476,0.5632193994830283
Kabuto,019bffab-58b9-77cf-912a-c78ca0d66b69,140/165,SV: Scarlet & Violet 151,Uncommon,Reverse_Holofoil,110.0,28.06,1.955,2.0,1.91,2.1839286,2.04596045,2.555,2.3877273,1.8128572,1.7041936,4987.0,86.0,4901.0,0.09,2.0,2.24,2.99,2.37,2.0,2.89,,,,2.89,1.8975000000000002,1.9105,1.9105,1.9105,-0.026171159382369375,0.5012782797938721
Kabuto,019c3ac3-ec71-70da-b909-f11a16b93aea,140/165,SV: Scarlet & Violet 151,Uncommon,Normal,110.0,28.06,0.96,1.79,0.13,0.9342857,0.939769575,1.7285714,1.7285714,0.14,0.15096775,5393.0,56.0,5337.0,1.66,1.79,1.39,1.745,1.79,1.79,0.01,,,,0.25,0.5081818181818182,0.369,0.369,0.369,-64.76964769647697,0.5189668117752213
Kabuto,019bffab-58b9-77cf-912a-c90876a59372,141/165,SV: Scarlet & Violet 151,Rare,Reverse_Holofoil,110.0,28.06,1.58,1.24,1.92,2.0714285,1.8032771,2.3214285,2.225909,1.8214285,1.3806452,5491.0,123.0,5368.0,-0.6799999999999999,1.24,1.24,1.71,2.0,1.24,1.21,,,,2.99,1.83125,1.60258064516129,1.60258064516129,1.60258064516129,19.80676328502417,0.7592758292914614
Kabuto,019c3ac3-ec71-70da-b909-f78a0e39817d,141/165,SV: Scarlet & Violet 151,Rare,Holofoil,110.0,28.06,1.0750000000000002,1.87,0.28,0.97214285,0.917217735,1.6542857,1.5425,0.29,0.29193547,9154.0,113.0,9041.0,1.59,1.75,1.75,1.75,1.66,1.99,0.32,,,,0.4,0.7929166666666667,0.8276666666666667,0.8276666666666667,0.8276666666666667,-66.16995569875151,0.7064429270616293
Kabutops,019bffab-58b9-77cf-912a-c90876a59372,141/165,SV: Scarlet & Violet 151,Rare,Reverse_Holofoil,38.0,75.58,1.58,1.24,1.92,2.0714285,1.8032771,2.3214285,2.225909,1.8214285,1.3806452,5491.0,123.0,5368.0,-0.6799999999999999,1.24,1.24,1.71,2.0,1.24,1.21,,,,2.99,1.83125,1.60258064516129,1.60258064516129,1.60258064516129,19.80676328502417,0.7592758292914614
Kabutops,019c3ac3-ec71-70da-b909-f78a0e39817d,141/165,SV: Scarlet & Violet 151,Rare,Holofoil,38.0,75.58,1.0750000000000002,1.87,0.28,0.97214285,0.917217735,1.6542857,1.5425,0.29,0.29193547,9154.0,113.0,9041.0,1.59,1.75,1.75,1.75,1.66,1.99,0.32,,,,0.4,0.7929166666666667,0.8276666666666667,0.8276666666666667,0.8276666666666667,-66.16995569875151,0.7064429270616293
Aerodactyl,019bffab-58b9-77cf-912a-cdbe3287d67e,142/165,SV: Scarlet & Violet 151,Rare,Reverse_Holofoil,29.0,81.52,1.63,1.99,1.27,1.6510715,1.5436643,2.0564287,1.9828125,1.2457143,1.1045161,6602.0,124.0,6478.0,0.72,1.99,1.985,1.985,1.99,1.99,1.58,,,,2.06,1.4313636363636364,1.4302777800000004,1.4302777800000004,1.4302777800000004,-11.206059566974488,0.41758338241080084
Aerodactyl,019c3ac3-ec71-70da-b909-f9f05409c56b,142/165,SV: Scarlet & Violet 151,Rare,Holofoil,29.0,81.52,0.7,0.99,0.41,1.113571425,1.0641596,1.82,1.7531579,0.40714285,0.3751613,3888.0,162.0,3726.0,0.5800000000000001,0.99,1.99,1.895,1.79,0.99,0.29,,,,0.5,0.8896153846153847,0.9309999999999999,0.9309999999999999,0.9309999999999999,-55.961331901181524,0.7290030982385324
Snorlax,019bffab-58b9-77cf-912a-d24c3429890c,143/165,SV: Scarlet & Violet 151,Uncommon,Reverse_Holofoil,15.0,90.76,3.865,2.99,4.74,4.2975,3.9132568,3.855,3.4903846,4.74,4.336129,5905.0,59.0,5846.0,-1.75,2.99,2.99,3.99,3.56,2.99,4.19,,,,4.72,4.41090909090909,4.200483870967742,4.200483870967742,4.200483870967742,12.844142379910162,0.5655680843758035
Snorlax,019c3ac3-ec71-70da-b909-ff42ad334581,143/165,SV: Scarlet & Violet 151,Uncommon,Normal,15.0,90.76,1.06,1.79,0.33,1.095,1.090760385,1.9157143,1.9157143,0.2742857,0.26580647,10601.0,32.0,10569.0,1.46,1.79,1.79,1.57,1.95,1.79,0.28,,,,0.28,0.26749999999999996,0.35433333333333344,0.35433333333333344,0.35433333333333344,-6.867356538099742,0.3376356262184932
Articuno,019bffab-58b9-77cf-912a-d73a169d7352,144/165,SV: Scarlet & Violet 151,Rare,Reverse_Holofoil,10.0,94.06,1.705,1.99,1.42,1.8939285,1.83514115,2.347857,2.34125,1.44,1.3290323,5566.0,116.0,5450.0,0.5700000000000001,1.99,3.61,3.0,1.99,1.99,1.09,,,,2.68,1.8945454545454545,1.5798333333333336,1.5798333333333336,1.5798333333333336,-10.117100960016902,0.6439392284098379
Articuno,019c3ac3-ec71-70da-b90a-022f09f36898,144/165,SV: Scarlet & Violet 151,Rare,Holofoil,10.0,94.06,1.16,1.97,0.35,1.053214285,1.045553015,1.785,1.7614286,0.32142857,0.32967743,10344.0,130.0,10214.0,1.62,1.95,1.97,1.49,1.85,1.99,0.3,,,,0.65,0.6799999999999998,0.7675000000000001,0.7675000000000001,0.7675000000000001,-54.39739413680782,0.6918624913207477
Zapdos,019bffab-58b9-77cf-912a-d8f8eb979b93,145/165,SV: Scarlet & Violet 151,Double Rare,Holofoil,14.0,91.42,1.45,1.49,1.41,1.7982143000000002,1.93509035,2.2092857,2.4476001,1.3871429,1.4225806,12142.0,311.0,11831.0,0.08,1.49,1.99,2.0,2.38,1.49,1.39,,,,2.33,1.9241666624999998,1.9177956935483869,1.9177956935483869,1.9177956935483869,-26.478091240722406,0.7711017080395927
Zapdos,019bffab-58b9-77cf-912b-9bf8f2c6d507,192/165,SV: Scarlet & Violet 151,Ultra Rare,Holofoil,14.0,91.42,13.505,14.5,12.51,12.554286,13.577687,12.762857,13.590536,12.345715,13.564838,5819.0,297.0,5522.0,1.99,14.5,11.99,11.995,13.0,14.5,10.67,,,,10.67,12.544375,13.2747778,13.2747778,13.2747778,9.229700251555242,1.258921866250297
Zapdos,019bffab-58b9-77cf-912b-b91cae72c475,202/165,SV: Scarlet & Violet 151,Special Illustration Rare,Holofoil,14.0,91.42,102.428333,99.996666,104.86,104.2374975,105.58163,105.207855,105.27778,103.26714,105.88548,4986.0,438.0,4548.0,-4.863333999999995,90.0,104.99,105.0,105.0,105.0,100.0,,,,100.0,102.54773757142857,106.28083296774194,106.28083296774194,106.28083296774194,-1.3368666090274164,6.609888903047512
Zapdos,019bffa9-14a4-732a-bc78-078ed173a985,,SV: Scarlet & Violet 151,,Normal,14.0,91.42,,,,,,,,,,,,,,,,,,,,,,,,,,,,,
Zapdos,019bffab-58b9-77cf-912c-50726e77b21e,,SV: Scarlet & Violet 151,,Normal,14.0,91.42,,,,,,,,,,,,,,,,,,,,,,,,,,,,,
Zapdos,019bffac-ba77-77e9-b32e-7022775d4c7c,,SV: Scarlet & Violet 151,Code Card,Normal,14.0,91.42,0.09,,0.09,0.09,0.09290323,,,0.09,0.09290323,,,182.0,,,,,,,0.09,,,,0.09,0.09,0.09266666666666669,0.09266666666666669,0.09266666666666669,-2.8776978417266457,0.004497764451088041
Moltres,019bffab-58b9-77cf-912a-dfe00b923ebb,146/165,SV: Scarlet & Violet 151,Rare,Reverse_Holofoil,30.0,80.86,1.87,2.18,1.56,1.90071425,1.7911877499999995,2.3342857,2.148182,1.4671428,1.4341935,5516.0,121.0,5395.0,0.6200000000000001,2.18,2.18,1.99,1.99,2.18,1.32,,,,2.33,1.6886111083333333,1.6447777766666667,1.6447777766666667,1.6447777766666667,-5.154360538508652,0.4473212584814183
Moltres,019c3ac3-ec71-70da-b90a-052ddaed1259,146/165,SV: Scarlet & Violet 151,Rare,Holofoil,30.0,80.86,0.85,1.39,0.31,0.975357175,1.04448085,1.6378572,1.7721875,0.31285715,0.3167742,9516.0,119.0,9397.0,1.0799999999999998,1.39,1.99,1.59,1.82,1.39,0.2,,,,0.4,0.7883333333333334,0.816747312903226,0.816747312903226,0.816747312903226,-62.04456444453207,0.7077130095294054
Dratini,019bffab-58b9-77cf-912a-e15d90c6c562,147/165,SV: Scarlet & Violet 151,Common,Reverse_Holofoil,33.0,78.88,0.7949999999999999,1.23,0.36,1.066785725,1.10079838,1.7964286,1.8745,0.33714285,0.32709676,5485.0,59.0,5426.0,0.87,1.23,1.915,1.92,1.99,1.23,0.29,,,,0.4,0.33625000000000005,0.767258064516129,0.767258064516129,0.767258064516129,-53.07967206222409,0.7586235767380262
Dratini,019c3ac3-ec71-70da-b90a-0a5f455579d1,147/165,SV: Scarlet & Violet 151,Common,Normal,33.0,78.88,0.955,1.69,0.22,1.0192857,0.95524194,1.8185714,1.715,0.22,0.19548388,6127.0,44.0,6083.0,1.47,1.69,1.69,1.84,1.84,1.69,0.15,,,,0.25,0.6363636363636364,0.6053333333333335,0.6053333333333335,0.6053333333333335,-63.65638766519825,0.727199319701767
Dragonair,019bffab-58b9-77cf-912a-e49ceb791c3f,148/165,SV: Scarlet & Violet 151,Uncommon,Reverse_Holofoil,20.0,87.46,3.405,2.99,3.82,3.70571435,3.4930948,3.6357143,3.4481251,3.7757144,3.5380645,5265.0,136.0,5129.0,-0.8299999999999996,2.99,2.99,4.31,3.49,2.99,3.5,,,,5.76,3.8122727272727275,3.5777777766666667,3.5777777766666667,3.5777777766666667,6.770186368562163,0.6413844476408876
Dragonair,019bffab-58b9-77cf-912b-56a0d4cc3f27,181/165,SV: Scarlet & Violet 151,Illustration Rare,Holofoil,20.0,87.46,51.235,51.35,51.12,51.602499,50.17859,51.782143,50.0846,51.422855,50.27258,5365.0,335.0,5030.0,0.2300000000000039,44.0,49.085,49.995,48.09,60.06,51.12,,,,51.12,51.95653846153846,50.207111133333335,50.207111133333335,50.207111133333335,1.8182461529051817,4.5297160729664885
Dragonair,019c3ac3-ec71-70da-b90a-0d4c2dc6186d,148/165,SV: Scarlet & Violet 151,Uncommon,Normal,20.0,87.46,1.83,3.49,0.17,1.49357141,1.64542339,2.8228571,3.09375,0.16428572,0.19709678,8840.0,70.0,8770.0,3.3200000000000003,3.49,2.59,2.24,2.87,3.49,0.04,,,,0.35,0.8009090909090909,0.6839999999999999,0.6839999999999999,0.6839999999999999,-75.14619883040935,1.0563065124649484
Dragonair,019bffab-58b9-77cf-912a-ea2a69c0ab47,149/165,SV: Scarlet & Violet 151,Rare,Reverse_Holofoil,20.0,87.46,3.68,3.99,3.37,3.17571425,3.41035975,3.0528572,3.7384615,3.2985713,3.082258,6282.0,164.0,6118.0,0.6200000000000001,3.99,3.24,3.63,2.99,3.99,1.0,,,,3.38,3.260833333333333,3.174333333333334,3.174333333333334,3.174333333333334,6.16402394203505,0.5270391160863276
Dragonair,019c3ac3-ec71-70da-b90a-132611d503ed,149/165,SV: Scarlet & Violet 151,Rare,Holofoil,20.0,87.46,1.535,1.78,1.29,1.5285714,1.90161285,2.1442857,2.8899999,0.9128571,0.9132258,16192.0,281.0,15911.0,0.49,1.78,2.525,2.07,2.0,1.78,0.55,,,,1.42,1.5099999928571428,1.5065645096774194,1.5065645096774194,1.5065645096774194,-14.374725296282827,0.6713841313406814
Dragonair,019bffab-58b9-77cf-912c-d0cd88375f4d,,SV: Scarlet & Violet 151,,Normal,20.0,87.46,,,,,,,,,,,,,,,,,,,,,,,,,,,,,
Dragonite,019bffab-58b9-77cf-912a-ea2a69c0ab47,149/165,SV: Scarlet & Violet 151,Rare,Reverse_Holofoil,5.0,97.36,3.68,3.99,3.37,3.17571425,3.41035975,3.0528572,3.7384615,3.2985713,3.082258,6282.0,164.0,6118.0,0.6200000000000001,3.99,3.24,3.63,2.99,3.99,1.0,,,,3.38,3.260833333333333,3.174333333333334,3.174333333333334,3.174333333333334,6.16402394203505,0.5270391160863276
Dragonite,019c3ac3-ec71-70da-b90a-132611d503ed,149/165,SV: Scarlet & Violet 151,Rare,Holofoil,5.0,97.36,1.535,1.78,1.29,1.5285714,1.90161285,2.1442857,2.8899999,0.9128571,0.9132258,16192.0,281.0,15911.0,0.49,1.78,2.525,2.07,2.0,1.78,0.55,,,,1.42,1.5099999928571428,1.5065645096774194,1.5065645096774194,1.5065645096774194,-14.374725296282827,0.6713841313406814
Dragonite,019bffab-58b9-77cf-912c-d0cd88375f4d,,SV: Scarlet & Violet 151,,Normal,5.0,97.36,,,,,,,,,,,,,,,,,,,,,,,,,,,,,
Mewtwo,019bffab-58b9-77cf-912a-ed689e926ea3,150/165,SV: Scarlet & Violet 151,Rare,Reverse_Holofoil,4.0,98.02,3.105,2.43,3.78,3.6535713,3.74812035,3.622857,3.7126923,3.6842856,3.7835484,8068.0,53.0,8015.0,-1.3499999999999996,2.43,3.32,3.775,3.775,2.43,3.0,,,,3.75,3.731428571428571,3.7396774193548388,3.7396774193548388,3.7396774193548388,1.078236867074952,0.5272664340474541
Mewtwo,019c3ac3-ec71-70da-b90a-14cd359979f4,150/165,SV: Scarlet & Violet 151,Rare,Holofoil,4.0,98.02,2.345,2.19,2.5,2.335,2.2480903000000003,2.2,2.4336,2.47,2.0625806,6397.0,119.0,6278.0,-0.31,2.19,2.09,2.09,2.25,2.19,2.0,,,,3.78,2.364047614285714,2.2815555533333334,2.2815555533333334,2.2815555533333334,-4.012856631940061,0.4884059885244699
Mew,019bffaa-1a47-7762-8bb4-ae0fecf43712,151/165,SV: Scarlet & Violet 151,Double Rare,Holofoil,7.0,96.04,7.73,6.99,8.47,8.609286,8.25623725,8.508572,8.100862,8.71,8.4116125,19792.0,651.0,19141.0,-1.4800000000000004,6.99,9.42,8.495,7.99,6.99,6.98,,,,10.19,8.728688866666667,8.501166654838709,8.501166654838709,8.501166654838709,-0.3666162081526646,1.000461202445602
Mew,019bffab-58b9-77cf-912b-6860c741d188,193/165,SV: Scarlet & Violet 151,Ultra Rare,Holofoil,7.0,96.04,43.7275,41.745,45.71,43.5503565,43.221106,41.390713,40.79963,45.71,45.642582,4843.0,321.0,4522.0,-3.9650000000000034,39.99,41.745,39.99,40.0,43.5,45.71,,,,45.71,43.48666666666667,42.995456967741944,42.995456967741944,42.995456967741944,6.313557812153707,4.491363768145754
Mew,019bffab-58b9-77cf-912b-c5d8699e7d18,205/165,SV: Scarlet & Violet 151,Hyper Rare,Holofoil,7.0,96.04,33.22,30.0,36.44,34.635357,32.5545005,31.590714,30.494808,37.68,34.614193,7831.0,535.0,7296.0,-6.439999999999998,30.0,30.0,30.0,29.99,30.0,36.44,,,,36.44,35.622142857142855,35.38169446666666,35.38169446666666,35.38169446666666,2.9911103729935156,4.802847314655947
Mew,019bffab-58b9-77cf-912c-83eda4227466,205/165,SV: Scarlet & Violet 151,Double Rare,Normal,7.0,96.04,37.105,35.0,39.21,39.361786,39.482599,39.403572,38.417778,39.32,40.54742,8160.0,47.0,8113.0,-4.210000000000001,35.0,35.0,37.0,38.495,35.0,40.52,,,,46.99,39.46807692307693,41.19833333333334,41.19833333333334,41.19833333333334,-4.826247016465075,2.7733862450743882
Mew,019bffab-58b9-77cf-912a-ed689e926ea3,150/165,SV: Scarlet & Violet 151,Rare,Reverse_Holofoil,7.0,96.04,3.105,2.43,3.78,3.6535713,3.74812035,3.622857,3.7126923,3.6842856,3.7835484,8068.0,53.0,8015.0,-1.3499999999999996,2.43,3.32,3.775,3.775,2.43,3.0,,,,3.75,3.731428571428571,3.7396774193548388,3.7396774193548388,3.7396774193548388,1.078236867074952,0.5272664340474541
Mew,019c3ac3-ec71-70da-b90a-14cd359979f4,150/165,SV: Scarlet & Violet 151,Rare,Holofoil,7.0,96.04,2.345,2.19,2.5,2.335,2.2480903000000003,2.2,2.4336,2.47,2.0625806,6397.0,119.0,6278.0,-0.31,2.19,2.09,2.09,2.25,2.19,2.0,,,,3.78,2.364047614285714,2.2815555533333334,2.2815555533333334,2.2815555533333334,-4.012856631940061,0.4884059885244699
