pokemon_name,card_id,card_number,set_name,set_slug,variant,rarity,currency,market,ebay_avg_price,ebay_low_price,ebay_high_price,ebay_sale_count,ebay_avg_1d,ebay_avg_7d,ebay_avg_30d,ebay_median_3d,ebay_median_7d,ebay_median_30d,tcgplayer_avg_price,tcgplayer_low_price,tcgplayer_high_price,tcgplayer_sale_count,tcgplayer_avg_1d,tcgplayer_avg_7d,tcgplayer_avg_30d,tcgplayer_median_3d,tcgplayer_median_7d,tcgplayer_median_30d,last_updated,image_url,popularity_rank,popularity_score
Bulbasaur,019bffa9-14a4-732a-bc78-296057143435,001/165,SV: Scarlet & Violet 151,sv-scarlet-and-violet-151,Reverse_Holofoil,Common,USD,US,2.84,2.49,3.19,185.0,1.99,2.377143,2.2540386,2.24,2.37,1.99,0.32,0.1,0.4,12781.0,0.31,0.30857143,0.31,,,,2026-05-25T21:28:58.987Z,https://cdn.poketrace.com/cards/78d06b5e2335be8d.webp,16.0,90.1
Bulbasaur,019bffab-58b9-77cf-912b-35916daf4153,166/165,SV: Scarlet & Violet 151,sv-scarlet-and-violet-151,Holofoil,Illustration Rare,USD,US,69.0,69.0,69.0,378.0,80.0,84.55857,79.85414,82.5,79.995,78.99,89.25,89.99,89.99,4826.0,88.85,88.76857,88.45936,,,,2026-05-25T21:28:58.987Z,https://cdn.poketrace.com/cards/0e68224f91f27f99.webp,16.0,90.1
Bulbasaur,019c3ac3-ec70-77fb-8940-51a4a99037ce,001/165,SV: Scarlet & Violet 151,sv-scarlet-and-violet-151,Normal,Common,USD,US,2.07,1.25,2.89,142.0,0.99,2.3457143,2.1715,1.89,1.995,1.99,0.26,0.21,0.4,14534.0,0.26,0.2642857,0.24193548,,,,2026-05-25T21:28:58.987Z,https://cdn.poketrace.com/cards/78d06b5e2335be8d.webp,16.0,90.1
Ivysaur,019bffa9-14a4-732a-bc78-2f788ce711d5,002/165,SV: Scarlet & Violet 151,sv-scarlet-and-violet-151,Reverse_Holofoil,Uncommon,USD,US,1.5,1.5,1.5,116.0,2.39,2.297857,2.06475,1.5,2.245,1.99,0.39,0.29,0.48,7761.0,0.39,0.38714287,0.38096774,,,,2026-05-25T21:28:58.987Z,https://cdn.poketrace.com/cards/6536ca5640d7b6dd.webp,31.0,80.2
Ivysaur,019bffab-58b9-77cf-912b-3aee171b84e0,167/165,SV: Scarlet & Violet 151,sv-scarlet-and-violet-151,Holofoil,Illustration Rare,USD,US,49.99,49.99,49.99,364.0,47.0,49.685715,51.58327,49.99,50.0,50.99,58.92,60.0,69.98,5073.0,58.06,57.714287,57.757744,,,,2026-05-25T21:28:58.987Z,https://cdn.poketrace.com/cards/aa0fc5ddab2ae03e.webp,31.0,80.2
Ivysaur,019c3ac3-ec70-77fb-8940-544aafc2daf4,002/165,SV: Scarlet & Violet 151,sv-scarlet-and-violet-151,Normal,Uncommon,USD,US,2.49,1.99,2.99,76.0,1.99,1.8271428,1.764,2.49,1.99,1.89,0.18,0.03,0.4,12623.0,0.17,0.16428572,0.20870967,,,,2026-05-25T21:28:58.987Z,https://cdn.poketrace.com/cards/6536ca5640d7b6dd.webp,31.0,80.2
Venusaur,019bffa9-14a4-732a-bc78-30b5441b4763,003/165,SV: Scarlet & Violet 151,sv-scarlet-and-violet-151,Holofoil,Double Rare,USD,US,2.33,1.75,3.48,410.0,2.16,2.145,2.1366,2.19,2.16,2.19,1.45,0.5,2.2,31900.0,1.43,1.3385714,1.2532258,,,,2026-05-25T21:28:58.987Z,https://cdn.poketrace.com/cards/216a14490b96b744.webp,17.0,89.44
Venusaur,019bffab-58b9-77cf-912b-8d26e8df9af7,182/165,SV: Scarlet & Violet 151,sv-scarlet-and-violet-151,Holofoil,Ultra Rare,USD,US,20.0,20.0,20.0,312.0,19.99,17.852142,18.36148,19.99,16.99,17.99,18.25,19.51,19.99,5431.0,17.98,18.0,18.7,,,,2026-05-25T21:28:58.987Z,https://cdn.poketrace.com/cards/8a06bb047b51299c.webp,17.0,89.44
Venusaur,019bffab-58b9-77cf-912b-ab2dd3a12a07,198/165,SV: Scarlet & Violet 151,sv-scarlet-and-violet-151,Holofoil,Special Illustration Rare,USD,US,112.5,112.5,112.5,380.0,,,,114.0,115.5,125.0,132.71,132.71,132.71,4753.0,132.71,135.42857,135.9442,,,,2026-05-25T21:28:58.987Z,https://cdn.poketrace.com/cards/7eb71fac7b0eb5cb.webp,17.0,89.44
Charmander,019bffa9-14a4-732a-bc78-34e124845f99,004/165,SV: Scarlet & Violet 151,sv-scarlet-and-violet-151,Reverse_Holofoil,Common,USD,US,1.09,1.09,1.09,147.0,1.99,1.8421428,1.9685295,1.89,1.97,1.99,0.39,0.23,0.57,7832.0,0.38,0.4157143,0.39064518,,,,2026-05-25T21:28:58.987Z,https://cdn.poketrace.com/cards/af5c6ae366ab7d51.webp,12.0,92.74
Charmander,019bffa9-14a4-732a-bc78-3b08db3020df,168/165,SV: Scarlet & Violet 151,sv-scarlet-and-violet-151,Holofoil,Illustration Rare,USD,US,101.05,95.0,107.1,91.0,115.0,105.12357,101.41625,107.1,100.0,100.5,122.3,122.3,122.3,4630.0,122.3,119.53714,112.86,,,,2026-05-25T21:28:58.987Z,https://cdn.poketrace.com/cards/4a8f07785a61806c.webp,12.0,92.74
Charmander,019c3ac3-ec70-77fb-8940-5b2ccbed286f,004/165,SV: Scarlet & Violet 151,sv-scarlet-and-violet-151,Normal,Common,USD,US,2.2166667,2.0,2.42,195.0,1.69,2.7142856,3.058125,2.42,2.99,2.57,0.22,0.24,0.25,13724.0,0.21,0.19,0.20032258,,,,2026-05-25T21:28:58.987Z,https://cdn.poketrace.com/cards/af5c6ae366ab7d51.webp,12.0,92.74
Charmeleon,019bffa9-14a4-732a-bc78-3c15beffbf94,005/165,SV: Scarlet & Violet 151,sv-scarlet-and-violet-151,Reverse_Holofoil,Uncommon,USD,US,2.22,0.69,3.75,114.0,1.84,1.86,2.1472728,1.84,1.84,2.13,0.36,0.4,0.49,7405.0,0.35,0.3557143,0.35774192,,,,2026-05-25T21:28:58.987Z,https://cdn.poketrace.com/cards/88d7d19ac4ceb555.webp,26.0,83.5
Charmeleon,019bffab-58b9-77cf-912b-5066b0342295,169/165,SV: Scarlet & Violet 151,sv-scarlet-and-violet-151,Holofoil,Illustration Rare,USD,US,74.83,74.83,74.83,415.0,82.05,74.725,75.301895,78.41,75.0,75.0,80.53,80.4,80.4,4750.0,80.86,81.76714,78.96774,,,,2026-05-25T21:28:58.987Z,https://cdn.poketrace.com/cards/857d68e31ab24d61.webp,26.0,83.5
Charmeleon,019c3ac3-ec70-77fb-8940-5f8cdc414f6f,005/165,SV: Scarlet & Violet 151,sv-scarlet-and-violet-151,Normal,Uncommon,USD,US,1.5,1.5,1.5,195.0,1.55,1.84,2.3581817,1.63,1.685,1.83,0.24,0.15,0.2,10859.0,0.24,0.21714285,0.21612903,,,,2026-05-25T21:28:58.987Z,https://cdn.poketrace.com/cards/88d7d19ac4ceb555.webp,26.0,83.5
Charizard,019bffa9-14a4-732a-bc78-4162e56c717a,006/165,SV: Scarlet & Violet 151,sv-scarlet-and-violet-151,Holofoil,Double Rare,USD,US,12.99,12.99,12.99,115.0,14.17,10.712857,9.116041,12.99,10.5,8.81,10.84,8.5,9.15,15742.0,11.08,10.812857,10.238387,,,,2026-05-25T21:28:58.987Z,https://cdn.poketrace.com/cards/334b1a0d408f2245.webp,8.0,95.38
Charizard,019bffab-58b9-77cf-912b-4f5a68ebe26d,183/165,SV: Scarlet & Violet 151,sv-scarlet-and-violet-151,Holofoil,Ultra Rare,USD,US,39.9775,34.91,47.0,351.0,42.0,46.927143,48.5004,39.0,41.995,47.53,47.89,57.99,57.99,4543.0,47.47,46.25714,46.790966,,,,2026-05-25T21:28:58.987Z,https://cdn.poketrace.com/cards/4170990e4a570504.webp,8.0,95.38
Charizard,019bffab-58b9-77cf-912b-acdfb23b0a46,199/165,SV: Scarlet & Violet 151,sv-scarlet-and-violet-151,Holofoil,Special Illustration Rare,USD,US,407.185,398.75,420.0,397.0,420.0,397.56857,417.0422,410.0,400.0,420.0,493.96,400.0,492.54,3633.0,495.54,479.69287,449.23453,,,,2026-05-25T21:28:58.987Z,https://cdn.poketrace.com/cards/bcbd209ec5cc6e23.webp,8.0,95.38
Squirtle,019bffa9-14a4-732a-bc78-1bffe0c22807,007/165,SV: Scarlet & Violet 151,sv-scarlet-and-violet-151,Reverse_Holofoil,Common,USD,US,2.4233334,1.3,3.48,235.0,1.355,1.9385715,1.9148214,1.99,1.99,1.99,0.38,0.09,0.5,13737.0,0.38,0.34714285,0.35580644,,,,2026-05-25T21:28:58.987Z,https://cdn.poketrace.com/cards/39654113e52c103e.webp,9.0,94.72
Squirtle,019bffa9-14a4-732a-bc78-1c1394fe521d,170/165,SV: Scarlet & Violet 151,sv-scarlet-and-violet-151,Holofoil,Illustration Rare,USD,US,111.43,111.43,111.43,117.0,96.99,101.56357,101.905,100.995,99.985,100.0,114.44,114.44,114.44,4598.0,114.44,113.405716,105.619675,,,,2026-05-25T21:28:58.987Z,https://cdn.poketrace.com/cards/1a48a73947b5e9d2.webp,9.0,94.72
Squirtle,019c3ac3-ec70-77fb-8940-4a78f5e71678,007/165,SV: Scarlet & Violet 151,sv-scarlet-and-violet-151,Normal,Common,USD,US,3.532,1.29,6.7,149.0,2.02,2.2292857,1.8389584,2.02,2.005,1.89,0.27,0.25,0.25,20214.0,0.27,0.25285715,0.23258065,,,,2026-05-25T21:28:58.987Z,https://cdn.poketrace.com/cards/39654113e52c103e.webp,9.0,94.72
Wartortle,019bffa9-14a4-732a-bc78-20c883c6ed79,008/165,SV: Scarlet & Violet 151,sv-scarlet-and-violet-151,Reverse_Holofoil,Uncommon,USD,US,1.6733333,1.59,1.77,123.0,1.69,2.1185713,2.23375,1.68,1.68,1.84,0.65,0.3,0.76,7716.0,0.62,0.48714286,0.45322582,,,,2026-05-25T21:28:58.987Z,https://cdn.poketrace.com/cards/3376c2a8124f56a9.webp,37.0,76.24
Wartortle,019bffab-58b9-77cf-912b-91847f21db48,171/165,SV: Scarlet & Violet 151,sv-scarlet-and-violet-151,Holofoil,Illustration Rare,USD,US,71.49,67.99,74.99,368.0,60.935,64.844284,65.53635,63.745,64.99,64.97,73.8,66.0,70.0,5070.0,74.68,75.58,70.31871,,,,2026-05-25T21:28:58.987Z,https://cdn.poketrace.com/cards/bcd800171e52065c.webp,37.0,76.24
Wartortle,019c3ac3-ec70-77fb-8940-4f2a5fbc2d49,008/165,SV: Scarlet & Violet 151,sv-scarlet-and-violet-151,Normal,Uncommon,USD,US,2.69,2.69,2.69,65.0,2.69,2.357143,1.8955883,2.69,2.34,1.94,0.29,0.2,0.3,4080.0,0.3,0.26857144,0.26225805,,,,2026-05-25T21:28:58.987Z,https://cdn.poketrace.com/cards/3376c2a8124f56a9.webp,37.0,76.24
Blastoise,019bffa9-14a4-732a-bc78-246a146b9430,009/165,SV: Scarlet & Violet 151,sv-scarlet-and-violet-151,Holofoil,Double Rare,USD,US,1.98,1.98,1.98,834.0,3.48,2.9835715,2.9809678,2.99,2.99,2.99,2.14,1.8,3.71,37707.0,2.19,2.0185714,1.9545162,,,,2026-05-25T21:28:58.987Z,https://cdn.poketrace.com/cards/44ed2c3258eb05ea.webp,6.0,96.7
Blastoise,019bffab-58b9-77cf-912b-472e246c214c,184/165,SV: Scarlet & Violet 151,sv-scarlet-and-violet-151,Holofoil,Ultra Rare,USD,US,26.223333,23.99,29.0,277.0,24.0,24.283571,25.772083,25.34,26.315,25.72,29.45,26.99,26.99,4950.0,29.69,28.287144,28.168709,,,,2026-05-25T21:28:58.987Z,https://cdn.poketrace.com/cards/d2fc6dd2365dfffc.webp,6.0,96.7
Blastoise,019bffab-58b9-77cf-912b-b20ca9d1ce55,200/165,SV: Scarlet & Violet 151,sv-scarlet-and-violet-151,Holofoil,Special Illustration Rare,USD,US,160.85,150.0,171.7,473.0,129.5,145.995,150.37982,140.0,148.875,151.5,153.3,140.0,149.99,4418.0,153.3,153.55142,154.97548,,,,2026-05-25T21:28:58.987Z,https://cdn.poketrace.com/cards/33e46dc6cf7cc81e.webp,6.0,96.7
Caterpie,019bffa9-14a4-732a-bc78-443840fa5c9f,010/165,SV: Scarlet & Violet 151,sv-scarlet-and-violet-151,Reverse_Holofoil,Common,USD,US,1.32,1.32,1.32,43.0,1.79,1.47,1.47,1.32,1.555,1.39,0.28,0.15,0.29,4450.0,0.29,0.2957143,0.26967743,,,,2026-05-25T21:28:58.987Z,https://cdn.poketrace.com/cards/8057cee6e86f7338.webp,112.0,26.74
Caterpie,019bffab-58b9-77cf-912b-48a12d7554db,172/165,SV: Scarlet & Violet 151,sv-scarlet-and-violet-151,Holofoil,Illustration Rare,USD,US,17.5,17.5,17.5,445.0,18.495,18.370714,18.61923,18.99,18.0,18.5,18.6,17.96,18.15,6596.0,18.59,17.797142,18.166775,,,,2026-05-25T21:28:58.987Z,https://cdn.poketrace.com/cards/ad813b130b5eb8d9.webp,112.0,26.74
Caterpie,019c3ac3-ec70-77fb-8940-63f4f6d4510e,010/165,SV: Scarlet & Violet 151,sv-scarlet-and-violet-151,Normal,Common,USD,US,1.08,1.08,1.08,30.0,0.99,1.3271428,1.3271428,1.08,1.035,1.25,0.09,0.02,0.25,4868.0,0.08,0.09428571,0.12516129,,,,2026-05-25T21:28:58.987Z,https://cdn.poketrace.com/cards/8057cee6e86f7338.webp,112.0,26.74
Metapod,019bffa9-14a4-732a-bc78-49c947747c29,011/165,SV: Scarlet & Violet 151,sv-scarlet-and-violet-151,Reverse_Holofoil,Common,USD,US,2.99,2.99,2.99,110.0,3.56,2.9757142,2.7643332,2.99,3.275,2.8,6.65,3.64,3.64,5458.0,6.76,4.2885714,3.086129,,,,2026-05-25T21:28:58.987Z,https://cdn.poketrace.com/cards/f79794e7812f50fb.webp,145.0,4.96
Metapod,019c3ac3-ec70-77fb-8940-6498cbe1e4ff,011/165,SV: Scarlet & Violet 151,sv-scarlet-and-violet-151,Normal,Common,USD,US,4.74,4.74,4.74,62.0,3.0,4.2660003,4.2660003,4.74,3.87,4.74,0.21,0.12,0.79,1605.0,0.17,0.18714286,0.1967742,,,,2026-05-25T21:28:58.987Z,https://cdn.poketrace.com/cards/f79794e7812f50fb.webp,145.0,4.96
Butterfree,019bffa9-14a4-732a-bc78-4ce9714e9ab2,012/165,SV: Scarlet & Violet 151,sv-scarlet-and-violet-151,Reverse_Holofoil,Uncommon,USD,US,1.5,1.5,1.5,67.0,,,,1.995,1.995,2.04,0.26,0.18,0.34,4694.0,0.25,0.24428572,0.27870968,,,,2026-05-25T21:28:58.987Z,https://cdn.poketrace.com/cards/81782d0e4cf8291f.webp,56.0,63.7
Butterfree,019c3ac3-ec70-77fb-8940-6a528f29acff,012/165,SV: Scarlet & Violet 151,sv-scarlet-and-violet-151,Normal,Uncommon,USD,US,1.25,1.25,1.25,34.0,1.19,1.4475,1.4475,1.25,1.22,1.34,0.17,0.4,0.4,4897.0,0.15,0.14571428,0.16419356,,,,2026-05-25T21:28:58.987Z,https://cdn.poketrace.com/cards/81782d0e4cf8291f.webp,56.0,63.7
Weedle,019bffa9-14a4-732a-bc78-53cf94185790,013/165,SV: Scarlet & Violet 151,sv-scarlet-and-violet-151,Reverse_Holofoil,Common,USD,US,1.99,1.49,2.49,40.0,2.1,1.7014285,1.7014285,2.1,2.1,1.49,0.24,0.2,0.4,3952.0,0.24,0.26285714,0.26225805,,,,2026-05-25T21:28:58.987Z,https://cdn.poketrace.com/cards/8200be3318d008af.webp,143.0,6.28
Weedle,019c3ac3-ec70-77fb-8940-6deb45a91cce,013/165,SV: Scarlet & Violet 151,sv-scarlet-and-violet-151,Normal,Common,USD,US,2.67,2.67,2.67,22.0,1.615,1.73875,1.73875,2.67,2.67,1.98,0.13,0.01,0.25,1833.0,0.13,0.11571429,0.12096774,,,,2026-05-25T21:28:58.987Z,https://cdn.poketrace.com/cards/8200be3318d008af.webp,143.0,6.28
Kakuna,019bffa9-14a4-732a-bc78-5634c77c4624,014/165,SV: Scarlet & Violet 151,sv-scarlet-and-violet-151,Reverse_Holofoil,Common,USD,US,2.82,2.69,2.95,109.0,4.54,3.1257143,2.91,3.515,2.99,2.97,2.67,1.15,2.77,5141.0,2.77,3.2228572,3.4167743,,,,2026-05-25T21:28:58.987Z,https://cdn.poketrace.com/cards/1361f1f113bcdabc.webp,149.0,2.32
Kakuna,019c3ac3-ec70-77fb-8940-73139cade4b3,014/165,SV: Scarlet & Violet 151,sv-scarlet-and-violet-151,Normal,Common,USD,US,1.57,1.57,1.57,66.0,1.5,1.5671428,1.6784616,1.535,1.5,1.57,0.21,0.4,0.4,1526.0,0.19,0.18428572,0.18741935,,,,2026-05-25T21:28:58.987Z,https://cdn.poketrace.com/cards/1361f1f113bcdabc.webp,149.0,2.32
Beedrill,019bffa9-14a4-732a-bc78-5a801a50a796,015/165,SV: Scarlet & Violet 151,sv-scarlet-and-violet-151,Reverse_Holofoil,Rare,USD,US,1.99,1.99,1.99,115.0,2.205,2.1914287,2.128182,1.99,1.99,1.99,3.16,1.5,2.0,5261.0,3.08,3.2985713,1.8190323,,,,2026-05-25T21:28:58.987Z,https://cdn.poketrace.com/cards/74a930946a2a4a87.webp,81.0,47.2
Beedrill,019c3ac3-ec70-77fb-8940-74ed7983c636,015/165,SV: Scarlet & Violet 151,sv-scarlet-and-violet-151,Holofoil,Rare,USD,US,1.49,1.49,1.49,82.0,1.29,1.89,1.7557693,1.39,1.735,1.57,0.28,0.28,0.28,7604.0,0.28,0.27571428,0.25935483,,,,2026-05-25T21:28:58.987Z,https://cdn.poketrace.com/cards/74a930946a2a4a87.webp,81.0,47.2
Pidgey,019bffa9-14a4-732a-bc78-5d5540e2b6b5,016/165,SV: Scarlet & Violet 151,sv-scarlet-and-violet-151,Reverse_Holofoil,Common,USD,US,1.5,1.5,1.5,86.0,1.99,1.9257143,1.8445455,1.5,1.94,1.89,0.29,0.1,0.32,5560.0,0.29,0.3,0.30451614,,,,2026-05-25T21:28:58.987Z,https://cdn.poketrace.com/cards/a3bac15787b6b969.webp,113.0,26.08
Pidgey,019c3ac3-ec70-77fb-8940-7988d6750108,016/165,SV: Scarlet & Violet 151,sv-scarlet-and-violet-151,Normal,Common,USD,US,0.72,0.72,0.72,36.0,1.25,1.2175,1.2175,0.72,0.72,1.25,0.2,0.2,0.2,11178.0,0.2,0.21714285,0.20709677,,,,2026-05-25T21:28:58.987Z,https://cdn.poketrace.com/cards/a3bac15787b6b969.webp,113.0,26.08
Pidgey,019bffa9-14a4-732a-bc78-634cdad182b5,017/165,SV: Scarlet & Violet 151,sv-scarlet-and-violet-151,Reverse_Holofoil,Common,USD,US,2.96,2.96,2.96,122.0,3.6,2.982857,3.613077,3.28,2.96,3.0,3.65,4.99,5.88,5881.0,3.51,3.6014285,3.548387,,,,2026-05-25T21:28:58.987Z,https://cdn.poketrace.com/cards/ecb0a3bf0b9097bb.webp,113.0,26.08
Pidgey,019bffa9-14a4-732a-bc78-66ac961e9fd8,018/165,SV: Scarlet & Violet 151,sv-scarlet-and-violet-151,Reverse_Holofoil,Uncommon,USD,US,1.105,0.72,1.49,57.0,1.49,1.8707143,1.8659091,1.49,1.49,1.75,0.3,0.29,0.31,4488.0,0.3,0.27857143,0.30322582,,,,2026-05-25T21:28:58.987Z,https://cdn.poketrace.com/cards/234be8b77d2c8f85.webp,113.0,26.08
Pidgey,019c3ac3-ec70-77fb-8940-7c6de8279b3e,017/165,SV: Scarlet & Violet 151,sv-scarlet-and-violet-151,Normal,Common,USD,US,4.49,4.49,4.49,63.0,1.0,2.6808333,2.6808333,2.745,1.0,2.49,0.28,0.3,0.31,11249.0,0.28,0.28285715,0.30387098,,,,2026-05-25T21:28:58.987Z,https://cdn.poketrace.com/cards/ecb0a3bf0b9097bb.webp,113.0,26.08
Pidgey,019c3ac3-ec70-77fb-8940-811d1995bd60,018/165,SV: Scarlet & Violet 151,sv-scarlet-and-violet-151,Normal,Uncommon,USD,US,0.99,0.99,0.99,37.0,1.5,1.745,1.745,0.99,0.99,1.5,0.12,0.12,0.25,4631.0,0.12,0.13571429,0.1448387,,,,2026-05-25T21:28:58.987Z,https://cdn.poketrace.com/cards/234be8b77d2c8f85.webp,113.0,26.08
Pidgeotto,019bffa9-14a4-732a-bc78-634cdad182b5,017/165,SV: Scarlet & Violet 151,sv-scarlet-and-violet-151,Reverse_Holofoil,Common,USD,US,2.96,2.96,2.96,122.0,3.6,2.982857,3.613077,3.28,2.96,3.0,3.65,4.99,5.88,5881.0,3.51,3.6014285,3.548387,,,,2026-05-25T21:28:58.987Z,https://cdn.poketrace.com/cards/ecb0a3bf0b9097bb.webp,69.0,55.12
Pidgeotto,019c3ac3-ec70-77fb-8940-7c6de8279b3e,017/165,SV: Scarlet & Violet 151,sv-scarlet-and-violet-151,Normal,Common,USD,US,4.49,4.49,4.49,63.0,1.0,2.6808333,2.6808333,2.745,1.0,2.49,0.28,0.3,0.31,11249.0,0.28,0.28285715,0.30387098,,,,2026-05-25T21:28:58.987Z,https://cdn.poketrace.com/cards/ecb0a3bf0b9097bb.webp,69.0,55.12
Pidgeotto,019bffa9-14a4-732a-bc78-66ac961e9fd8,018/165,SV: Scarlet & Violet 151,sv-scarlet-and-violet-151,Reverse_Holofoil,Uncommon,USD,US,1.105,0.72,1.49,57.0,1.49,1.8707143,1.8659091,1.49,1.49,1.75,0.3,0.29,0.31,4488.0,0.3,0.27857143,0.30322582,,,,2026-05-25T21:28:58.987Z,https://cdn.poketrace.com/cards/234be8b77d2c8f85.webp,69.0,55.12
Pidgeotto,019c3ac3-ec70-77fb-8940-811d1995bd60,018/165,SV: Scarlet & Violet 151,sv-scarlet-and-violet-151,Normal,Uncommon,USD,US,0.99,0.99,0.99,37.0,1.5,1.745,1.745,0.99,0.99,1.5,0.12,0.12,0.25,4631.0,0.12,0.13571429,0.1448387,,,,2026-05-25T21:28:58.987Z,https://cdn.poketrace.com/cards/234be8b77d2c8f85.webp,69.0,55.12
Pidgeot,019bffa9-14a4-732a-bc78-66ac961e9fd8,018/165,SV: Scarlet & Violet 151,sv-scarlet-and-violet-151,Reverse_Holofoil,Uncommon,USD,US,1.105,0.72,1.49,57.0,1.49,1.8707143,1.8659091,1.49,1.49,1.75,0.3,0.29,0.31,4488.0,0.3,0.27857143,0.30322582,,,,2026-05-25T21:28:58.987Z,https://cdn.poketrace.com/cards/234be8b77d2c8f85.webp,34.0,78.22
Pidgeot,019c3ac3-ec70-77fb-8940-811d1995bd60,018/165,SV: Scarlet & Violet 151,sv-scarlet-and-violet-151,Normal,Uncommon,USD,US,0.99,0.99,0.99,37.0,1.5,1.745,1.745,0.99,0.99,1.5,0.12,0.12,0.25,4631.0,0.12,0.13571429,0.1448387,,,,2026-05-25T21:28:58.987Z,https://cdn.poketrace.com/cards/234be8b77d2c8f85.webp,34.0,78.22
Pidgeot,019bffa9-14a4-732a-bc78-634cdad182b5,017/165,SV: Scarlet & Violet 151,sv-scarlet-and-violet-151,Reverse_Holofoil,Common,USD,US,2.96,2.96,2.96,122.0,3.6,2.982857,3.613077,3.28,2.96,3.0,3.65,4.99,5.88,5881.0,3.51,3.6014285,3.548387,,,,2026-05-25T21:28:58.987Z,https://cdn.poketrace.com/cards/ecb0a3bf0b9097bb.webp,34.0,78.22
Pidgeot,019c3ac3-ec70-77fb-8940-7c6de8279b3e,017/165,SV: Scarlet & Violet 151,sv-scarlet-and-violet-151,Normal,Common,USD,US,4.49,4.49,4.49,63.0,1.0,2.6808333,2.6808333,2.745,1.0,2.49,0.28,0.3,0.31,11249.0,0.28,0.28285715,0.30387098,,,,2026-05-25T21:28:58.987Z,https://cdn.poketrace.com/cards/ecb0a3bf0b9097bb.webp,34.0,78.22
Rattata,019bffa9-14a4-732a-bc78-6b1be8ee84cb,019/165,SV: Scarlet & Violet 151,sv-scarlet-and-violet-151,Reverse_Holofoil,Common,USD,US,2.08,2.08,2.08,33.0,0.99,2.452,2.452,2.08,2.08,1.77,0.26,0.29,0.3,3779.0,0.28,0.26142856,0.24645162,,,,2026-05-25T21:28:58.987Z,https://cdn.poketrace.com/cards/893f67b4153b6561.webp,150.0,1.66
Rattata,019c3ac3-ec70-77fb-8940-86c6e61b75d8,019/165,SV: Scarlet & Violet 151,sv-scarlet-and-violet-151,Normal,Common,USD,US,0.99,0.99,0.99,23.0,1.25,1.3542857,1.3542857,0.99,0.99,1.25,0.08,0.08,0.08,3986.0,0.08,0.08,0.091290325,,,,2026-05-25T21:28:58.987Z,https://cdn.poketrace.com/cards/893f67b4153b6561.webp,150.0,1.66
Raticate,019bffa9-14a4-732a-bc78-6c96b4f92d31,020/165,SV: Scarlet & Violet 151,sv-scarlet-and-violet-151,Reverse_Holofoil,Uncommon,USD,US,0.72,0.72,0.72,34.0,1.66,1.5285714,1.52,1.66,1.325,1.46,0.29,0.29,0.3,3682.0,0.28,0.26142856,0.21483871,,,,2026-05-25T21:28:58.987Z,https://cdn.poketrace.com/cards/eb4ca42b6eab71e1.webp,146.0,4.3
Raticate,019c3ac3-ec70-77fb-8940-8a3aa70367cb,020/165,SV: Scarlet & Violet 151,sv-scarlet-and-violet-151,Normal,Uncommon,USD,US,1.74,1.5,1.98,25.0,1.06,1.52,1.52,1.5,1.5,1.5,0.11,0.11,0.11,3941.0,0.11,0.10285714,0.09387097,,,,2026-05-25T21:28:58.987Z,https://cdn.poketrace.com/cards/eb4ca42b6eab71e1.webp,146.0,4.3
Spearow,019bffa9-14a4-732a-bc78-73aa5b0732a0,021/165,SV: Scarlet & Violet 151,sv-scarlet-and-violet-151,Reverse_Holofoil,Common,USD,US,1.99,1.99,1.99,105.0,4.03,2.895,2.7879167,1.99,2.475,2.295,1.47,1.25,2.16,4848.0,1.38,1.3714286,1.3041935,,,,2026-05-25T21:28:58.987Z,https://cdn.poketrace.com/cards/640883e43061f96d.webp,147.0,3.64
Spearow,019c3ac3-ec70-77fb-8940-8c16c4695204,021/165,SV: Scarlet & Violet 151,sv-scarlet-and-violet-151,Normal,Common,USD,US,2.69,2.69,2.69,57.0,1.25,1.621,1.621,2.69,2.69,1.29,0.14,0.1,0.1,3818.0,0.14,0.1,0.10967742,,,,2026-05-25T21:28:58.987Z,https://cdn.poketrace.com/cards/640883e43061f96d.webp,147.0,3.64
Fearow,019bffa9-14a4-732a-bc78-7528b0c15c7d,022/165,SV: Scarlet & Violet 151,sv-scarlet-and-violet-151,Reverse_Holofoil,Uncommon,USD,US,0.99,0.99,0.99,39.0,,,,0.99,0.99,0.99,0.27,0.24,0.3,3594.0,0.26,0.25285715,0.21612903,,,,2026-05-25T21:28:58.987Z,https://cdn.poketrace.com/cards/c7798f0324a4968d.webp,130.0,14.86
Fearow,019c3ac3-ec70-77fb-8940-92770f3a07d1,022/165,SV: Scarlet & Violet 151,sv-scarlet-and-violet-151,Normal,Uncommon,USD,US,1.98,1.98,1.98,15.0,1.0,1.49,1.49,1.98,1.98,1.0,0.19,0.15,0.15,3571.0,0.19,0.16285715,0.13903226,,,,2026-05-25T21:28:58.987Z,https://cdn.poketrace.com/cards/c7798f0324a4968d.webp,130.0,14.86
Ekans,019bffaa-1a46-7583-8090-cd24f34aba9a,023/165,SV: Scarlet & Violet 151,sv-scarlet-and-violet-151,Reverse_Holofoil,Common,USD,US,1.73,1.73,1.73,50.0,1.99,2.1633334,2.1633334,1.73,1.86,2.14,0.31,0.29,0.6,4092.0,0.3,0.28428572,0.28451613,,,,2026-05-25T21:28:58.987Z,https://cdn.poketrace.com/cards/88bb9ff4ac88b30a.webp,128.0,16.18
Ekans,019c3ac3-ec71-70da-b908-40d96cd551e8,023/165,SV: Scarlet & Violet 151,sv-scarlet-and-violet-151,Normal,Common,USD,US,1.89,1.89,1.89,21.0,1.89,2.1266665,2.1266665,1.89,1.89,1.89,0.12,0.12,0.12,4993.0,0.12,0.11285714,0.12806451,,,,2026-05-25T21:28:58.987Z,https://cdn.poketrace.com/cards/88bb9ff4ac88b30a.webp,128.0,16.18
Ekans,019bffab-58b9-77cf-912c-e5432028d157,,SV: Scarlet & Violet 151,sv-scarlet-and-violet-151,Normal,,USD,US,,,,,,,,,,,,,,,,,,,,,2026-05-25T21:28:58.987Z,https://cdn.poketrace.com/cards/a8faaf3aec2ab1c5.webp,128.0,16.18
Arbok,019bffaa-1a46-7583-8090-d1faf22a2234,024/165,SV: Scarlet & Violet 151,sv-scarlet-and-violet-151,Holofoil,Double Rare,USD,US,2.62,2.62,2.62,268.0,3.48,2.8535714,2.6703846,3.48,3.48,2.49,1.48,0.88,2.76,11098.0,1.46,1.44,1.3751613,,,,2026-05-25T21:28:58.987Z,https://cdn.poketrace.com/cards/ba28fa50979a466b.webp,74.0,51.82
Arbok,019bffab-58b9-77cf-912b-400aa8c3efe5,185/165,SV: Scarlet & Violet 151,sv-scarlet-and-violet-151,Holofoil,Ultra Rare,USD,US,9.37,9.37,9.37,339.0,8.0,8.352142,8.765192,9.37,7.995,8.0,10.48,6.99,12.99,5815.0,10.34,9.965714,9.8383875,,,,2026-05-25T21:28:58.987Z,https://cdn.poketrace.com/cards/86fc21245c2725b0.webp,74.0,51.82
Pikachu,019bffaa-1a45-759c-ad81-09a7881c5ab9,173/165,SV: Scarlet & Violet 151,sv-scarlet-and-violet-151,Holofoil,Illustration Rare,USD,US,83.975,73.55,90.45,518.0,75.0,79.21571,81.14367,80.96,80.0,80.0,93.35,93.35,93.35,5368.0,93.35,90.21286,86.28677,,,,2026-05-25T21:28:58.987Z,https://cdn.poketrace.com/cards/9c7abafbef50ac41.webp,27.0,82.84
Pikachu,019bffab-58b9-77cf-912b-7dfea1660f06,025/165,SV: Scarlet & Violet 151,sv-scarlet-and-violet-151,Reverse_Holofoil,Common,USD,US,2.49,2.49,2.49,70.0,5.99,3.277857,2.7164705,4.24,2.995,2.49,0.83,0.5,1.47,9570.0,0.84,0.82,0.5925806,,,,2026-05-22T21:17:01.786Z,https://cdn.poketrace.com/cards/46fb7f213b2b2dca.webp,27.0,82.84
Pikachu,019c3ac3-ec71-70da-b90a-53f1fb1a8b48,025/165,SV: Scarlet & Violet 151,sv-scarlet-and-violet-151,Normal,Common,USD,US,0.99,0.99,0.99,46.0,1.37,1.6228571,1.533,1.18,1.18,1.49,0.24,0.03,0.39,15911.0,0.29,0.25714287,0.2551613,,,,2026-05-22T21:17:01.786Z,https://cdn.poketrace.com/cards/46fb7f213b2b2dca.webp,27.0,82.84
Raichu,019bffaa-1a46-7583-8090-d6777461cd8e,026/165,SV: Scarlet & Violet 151,sv-scarlet-and-violet-151,Reverse_Holofoil,Rare,USD,US,3.445,1.99,4.9,116.0,2.97,2.3678572,2.4275,2.97,2.87,1.99,1.72,1.49,2.61,5794.0,1.67,1.5528572,1.4532259,,,,2026-05-25T21:28:58.987Z,https://cdn.poketrace.com/cards/2e909f1285ed5760.webp,28.0,82.18
Raichu,019c3ac3-ec71-70da-b908-455bdc861f62,026/165,SV: Scarlet & Violet 151,sv-scarlet-and-violet-151,Holofoil,Rare,USD,US,1.75,1.75,1.75,148.0,1.99,1.7957143,1.8917648,1.87,1.75,1.7,0.29,0.3,0.3,9998.0,0.29,0.29714286,0.2716129,,,,2026-05-25T21:28:58.987Z,https://cdn.poketrace.com/cards/2e909f1285ed5760.webp,28.0,82.18
Sandshrew,019bffaa-1a46-7583-8090-df948bd11002,027/165,SV: Scarlet & Violet 151,sv-scarlet-and-violet-151,Reverse_Holofoil,Common,USD,US,1.57,1.57,1.57,51.0,1.685,1.5621428,1.628125,1.57,1.57,1.57,0.28,0.24,0.29,3706.0,0.31,0.2942857,0.26064515,,,,2026-05-25T21:28:58.987Z,https://cdn.poketrace.com/cards/02075ba82eb163a1.webp,73.0,52.48
Sandshrew,019c3ac3-ec71-70da-b908-4b059dfcd16d,027/165,SV: Scarlet & Violet 151,sv-scarlet-and-violet-151,Normal,Common,USD,US,0.91,0.91,0.91,26.0,1.98,1.2825,1.2825,0.91,0.91,1.12,0.14,0.01,0.25,1802.0,0.13,0.11857143,0.10935484,,,,2026-05-25T21:28:58.987Z,https://cdn.poketrace.com/cards/02075ba82eb163a1.webp,73.0,52.48
Sandshrew,019bffab-58b9-77cf-912c-f2c9e73ab5c6,,SV: Scarlet & Violet 151,sv-scarlet-and-violet-151,Normal,,USD,US,,,,,,,,,,,,,,,,,,,,,2026-05-25T21:28:58.987Z,https://cdn.poketrace.com/cards/1eccf1830531e379.webp,73.0,52.48
Sandslash,019bffaa-1a46-7583-8090-e2488c322697,028/165,SV: Scarlet & Violet 151,sv-scarlet-and-violet-151,Reverse_Holofoil,Uncommon,USD,US,1.45,1.45,1.45,54.0,1.99,1.7928572,1.7928572,1.45,1.45,1.7,0.26,0.29,0.29,3899.0,0.26,0.28285715,0.27225807,,,,2026-05-25T21:28:58.987Z,https://cdn.poketrace.com/cards/d630b63ea04224b6.webp,52.0,66.34
Sandslash,019c3ac3-ec71-70da-b908-4df4632b8b08,028/165,SV: Scarlet & Violet 151,sv-scarlet-and-violet-151,Normal,Uncommon,USD,US,1.89,1.89,1.89,28.0,1.99,1.71,1.71,1.89,1.89,1.88,0.12,0.02,0.02,3647.0,0.13,0.12142857,0.12935483,,,,2026-05-25T21:28:58.987Z,https://cdn.poketrace.com/cards/d630b63ea04224b6.webp,52.0,66.34
Nidoran F,019bffaa-1a46-7583-8090-e7ca8155cdb9,029/165,SV: Scarlet & Violet 151,sv-scarlet-and-violet-151,Reverse_Holofoil,Common,USD,US,1.99,1.99,1.99,43.0,2.0,2.9,2.8011112,1.99,2.0,2.99,2.34,2.0,3.35,5247.0,2.35,2.3414285,2.0903225,,,,2026-05-25T21:28:58.987Z,https://cdn.poketrace.com/cards/3419be6391ce7431.webp,105.0,31.36
Nidoran F,019c3ac3-ec71-70da-b908-515a8cd86b77,029/165,SV: Scarlet & Violet 151,sv-scarlet-and-violet-151,Normal,Common,USD,US,1.98,1.98,1.98,21.0,1.69,1.835,1.835,1.98,1.835,1.835,0.22,0.19,0.19,5268.0,0.21,0.22571428,0.20774193,,,,2026-05-25T21:28:58.987Z,https://cdn.poketrace.com/cards/3419be6391ce7431.webp,105.0,31.36
Nidoran F,019bffaa-1a46-7583-8090-f28984131f28,032/165,SV: Scarlet & Violet 151,sv-scarlet-and-violet-151,Reverse_Holofoil,Common,USD,US,3.79,3.79,3.79,46.0,2.49,3.3185716,3.3600001,3.14,3.39,3.32,2.74,2.87,4.25,5174.0,2.62,2.71,2.925484,,,,2026-05-25T21:28:58.987Z,https://cdn.poketrace.com/cards/403882eaa5451044.webp,105.0,31.36
Nidoran F,019c3ac3-ec71-70da-b908-5e532350620b,032/165,SV: Scarlet & Violet 151,sv-scarlet-and-violet-151,Normal,Common,USD,US,1.98,1.98,1.98,27.0,3.68,2.76,2.76,2.83,2.62,2.62,0.26,0.26,0.26,5193.0,0.26,0.23714286,0.23032258,,,,2026-05-25T21:28:58.987Z,https://cdn.poketrace.com/cards/403882eaa5451044.webp,105.0,31.36
Nidorina,019bffaa-1a46-7583-8090-ea086d4d835d,030/165,SV: Scarlet & Violet 151,sv-scarlet-and-violet-151,Reverse_Holofoil,Uncommon,USD,US,1.66,1.66,1.66,49.0,1.66,2.1757143,2.14,1.66,1.58,1.89,0.26,0.25,0.3,4187.0,0.26,0.29142857,0.28709677,,,,2026-05-25T21:28:58.987Z,https://cdn.poketrace.com/cards/af09de681ccc0823.webp,104.0,32.02
Nidorina,019c3ac3-ec71-70da-b908-56d3f7efbe5b,030/165,SV: Scarlet & Violet 151,sv-scarlet-and-violet-151,Normal,Uncommon,USD,US,1.88,1.88,1.88,32.0,1.88,1.8808334,1.8808334,1.88,1.88,1.88,0.12,0.12,0.12,4143.0,0.12,0.13142857,0.14387096,,,,2026-05-25T21:28:58.987Z,https://cdn.poketrace.com/cards/af09de681ccc0823.webp,104.0,32.02
Nidorina,019bffaa-1a46-7583-8090-f73efebea9db,033/165,SV: Scarlet & Violet 151,sv-scarlet-and-violet-151,Reverse_Holofoil,Uncommon,USD,US,1.75,1.75,1.75,48.0,1.45,2.0228572,2.0228572,1.75,1.75,1.75,0.27,0.29,0.3,4070.0,0.26,0.2857143,0.26225805,,,,2026-05-25T21:28:58.987Z,https://cdn.poketrace.com/cards/53ecd0773d4044f6.webp,104.0,32.02
Nidorina,019c3ac3-ec71-70da-b908-6133c2310919,033/165,SV: Scarlet & Violet 151,sv-scarlet-and-violet-151,Normal,Uncommon,USD,US,1.89,1.89,1.89,29.0,1.56,1.6028571,1.5481818,1.89,1.89,1.65,0.16,0.25,0.25,4362.0,0.15,0.15714286,0.16709678,,,,2026-05-25T21:28:58.987Z,https://cdn.poketrace.com/cards/53ecd0773d4044f6.webp,104.0,32.02
Nidoqueen,019bffaa-1a46-7583-8090-ece3a5221882,031/165,SV: Scarlet & Violet 151,sv-scarlet-and-violet-151,Reverse_Holofoil,Uncommon,USD,US,1.5,1.5,1.5,48.0,2.48,1.8385714,1.8133334,2.48,2.07,1.99,0.3,0.2,0.29,4580.0,0.3,0.29714286,0.29967743,,,,2026-05-25T21:28:58.987Z,https://cdn.poketrace.com/cards/939e208c9ff8317b.webp,54.0,65.02
Nidoqueen,019c3ac3-ec71-70da-b908-58d9ae5daa5b,031/165,SV: Scarlet & Violet 151,sv-scarlet-and-violet-151,Normal,Uncommon,USD,US,2.0,2.0,2.0,26.0,1.88,1.92,1.92,2.0,2.0,1.88,0.22,0.25,0.25,4299.0,0.22,0.17142858,0.15387097,,,,2026-05-25T21:28:58.987Z,https://cdn.poketrace.com/cards/939e208c9ff8317b.webp,54.0,65.02
Nidoran M,019bffaa-1a46-7583-8090-f28984131f28,032/165,SV: Scarlet & Violet 151,sv-scarlet-and-violet-151,Reverse_Holofoil,Common,USD,US,3.79,3.79,3.79,46.0,2.49,3.3185716,3.3600001,3.14,3.39,3.32,2.74,2.87,4.25,5174.0,2.62,2.71,2.925484,,,,2026-05-25T21:28:58.987Z,https://cdn.poketrace.com/cards/403882eaa5451044.webp,91.0,40.6
Nidoran M,019c3ac3-ec71-70da-b908-5e532350620b,032/165,SV: Scarlet & Violet 151,sv-scarlet-and-violet-151,Normal,Common,USD,US,1.98,1.98,1.98,27.0,3.68,2.76,2.76,2.83,2.62,2.62,0.26,0.26,0.26,5193.0,0.26,0.23714286,0.23032258,,,,2026-05-25T21:28:58.987Z,https://cdn.poketrace.com/cards/403882eaa5451044.webp,91.0,40.6
Nidoran M,019bffaa-1a46-7583-8090-e7ca8155cdb9,029/165,SV: Scarlet & Violet 151,sv-scarlet-and-violet-151,Reverse_Holofoil,Common,USD,US,1.99,1.99,1.99,43.0,2.0,2.9,2.8011112,1.99,2.0,2.99,2.34,2.0,3.35,5247.0,2.35,2.3414285,2.0903225,,,,2026-05-25T21:28:58.987Z,https://cdn.poketrace.com/cards/3419be6391ce7431.webp,91.0,40.6
Nidoran M,019c3ac3-ec71-70da-b908-515a8cd86b77,029/165,SV: Scarlet & Violet 151,sv-scarlet-and-violet-151,Normal,Common,USD,US,1.98,1.98,1.98,21.0,1.69,1.835,1.835,1.98,1.835,1.835,0.22,0.19,0.19,5268.0,0.21,0.22571428,0.20774193,,,,2026-05-25T21:28:58.987Z,https://cdn.poketrace.com/cards/3419be6391ce7431.webp,91.0,40.6
Nidorino,019bffaa-1a46-7583-8090-f73efebea9db,033/165,SV: Scarlet & Violet 151,sv-scarlet-and-violet-151,Reverse_Holofoil,Uncommon,USD,US,1.75,1.75,1.75,48.0,1.45,2.0228572,2.0228572,1.75,1.75,1.75,0.27,0.29,0.3,4070.0,0.26,0.2857143,0.26225805,,,,2026-05-25T21:28:58.987Z,https://cdn.poketrace.com/cards/53ecd0773d4044f6.webp,72.0,53.14
Nidorino,019c3ac3-ec71-70da-b908-6133c2310919,033/165,SV: Scarlet & Violet 151,sv-scarlet-and-violet-151,Normal,Uncommon,USD,US,1.89,1.89,1.89,29.0,1.56,1.6028571,1.5481818,1.89,1.89,1.65,0.16,0.25,0.25,4362.0,0.15,0.15714286,0.16709678,,,,2026-05-25T21:28:58.987Z,https://cdn.poketrace.com/cards/53ecd0773d4044f6.webp,72.0,53.14
Nidorino,019bffaa-1a46-7583-8090-ea086d4d835d,030/165,SV: Scarlet & Violet 151,sv-scarlet-and-violet-151,Reverse_Holofoil,Uncommon,USD,US,1.66,1.66,1.66,49.0,1.66,2.1757143,2.14,1.66,1.58,1.89,0.26,0.25,0.3,4187.0,0.26,0.29142857,0.28709677,,,,2026-05-25T21:28:58.987Z,https://cdn.poketrace.com/cards/af09de681ccc0823.webp,72.0,53.14
Nidorino,019c3ac3-ec71-70da-b908-56d3f7efbe5b,030/165,SV: Scarlet & Violet 151,sv-scarlet-and-violet-151,Normal,Uncommon,USD,US,1.88,1.88,1.88,32.0,1.88,1.8808334,1.8808334,1.88,1.88,1.88,0.12,0.12,0.12,4143.0,0.12,0.13142857,0.14387096,,,,2026-05-25T21:28:58.987Z,https://cdn.poketrace.com/cards/af09de681ccc0823.webp,72.0,53.14
Nidoking,019bffaa-1a46-7583-8090-f8086e4b3a7c,034/165,SV: Scarlet & Violet 151,sv-scarlet-and-violet-151,Reverse_Holofoil,Rare,USD,US,2.1,2.1,2.1,104.0,4.63,2.8085713,2.5725,4.63,4.63,2.49,1.94,1.49,4.99,5615.0,1.79,1.7642857,1.5590322,,,,2026-05-25T21:28:58.987Z,https://cdn.poketrace.com/cards/5e5d0e16be1956a2.webp,39.0,74.92
Nidoking,019bffab-58b9-77cf-912b-73a040defb54,174/165,SV: Scarlet & Violet 151,sv-scarlet-and-violet-151,Holofoil,Illustration Rare,USD,US,20.126667,16.76,22.5,431.0,19.99,20.377857,20.532309,19.99,19.995,20.0,21.82,10.89,30.39,6758.0,22.34,22.49,21.98258,,,,2026-05-25T21:28:58.987Z,https://cdn.poketrace.com/cards/c833d3cf240761a8.webp,39.0,74.92
Nidoking,019c3ac3-ec71-70da-b908-661ae670ebe1,034/165,SV: Scarlet & Violet 151,sv-scarlet-and-violet-151,Holofoil,Rare,USD,US,1.99,1.99,1.99,101.0,1.99,2.0128572,1.9905,1.99,1.99,1.99,0.28,0.25,0.4,9009.0,0.29,0.31,0.29387096,,,,2026-05-25T21:28:58.987Z,https://cdn.poketrace.com/cards/5e5d0e16be1956a2.webp,39.0,74.92
Clefairy,019bffaa-1a46-7583-8090-ff63877180a7,035/165,SV: Scarlet & Violet 151,sv-scarlet-and-violet-151,Reverse_Holofoil,Common,USD,US,1.5,1.5,1.5,49.0,1.89,1.8557143,1.7844445,1.5,1.89,1.94,0.3,0.23,0.52,4503.0,0.29,0.27857143,0.2932258,,,,2026-05-25T21:28:58.987Z,https://cdn.poketrace.com/cards/4a258f8a5209dcd7.webp,115.0,24.76
Clefairy,019c3ac3-ec71-70da-b908-6bbcc7277627,035/165,SV: Scarlet & Violet 151,sv-scarlet-and-violet-151,Normal,Common,USD,US,1.79,1.79,1.79,43.0,1.98,1.3616667,1.3616667,1.79,1.25,1.25,0.19,0.02,0.39,5292.0,0.17,0.13142857,0.13451613,,,,2026-05-25T21:28:58.987Z,https://cdn.poketrace.com/cards/4a258f8a5209dcd7.webp,115.0,24.76
Clefable,019bffaa-1a46-7583-8091-00c38c35802d,036/165,SV: Scarlet & Violet 151,sv-scarlet-and-violet-151,Reverse_Holofoil,Uncommon,USD,US,1.83,1.57,2.09,50.0,1.66,1.7028571,1.7028571,1.66,1.66,1.79,0.3,0.25,0.4,4276.0,0.3,0.28,0.2735484,,,,2026-05-25T21:28:58.987Z,https://cdn.poketrace.com/cards/1dc9c3648577d1ab.webp,117.0,23.44
Clefable,019c3ac3-ec71-70da-b908-6eec27e7b45e,036/165,SV: Scarlet & Violet 151,sv-scarlet-and-violet-151,Normal,Uncommon,USD,US,0.99,0.99,0.99,36.0,1.79,1.5816667,1.5816667,0.99,1.39,1.74,0.16,0.15,0.25,4595.0,0.14,0.122857146,0.13709678,,,,2026-05-25T21:28:58.987Z,https://cdn.poketrace.com/cards/1dc9c3648577d1ab.webp,117.0,23.44
Vulpix,019bffaa-1a46-7583-8091-060683cddf64,037/165,SV: Scarlet & Violet 151,sv-scarlet-and-violet-151,Reverse_Holofoil,Common,USD,US,1.99,1.99,1.99,25.0,1.57,1.69,1.69,1.99,1.99,1.78,0.29,0.25,0.29,4693.0,0.28,0.32857144,0.30806452,,,,2026-05-25T21:28:58.987Z,https://cdn.poketrace.com/cards/fc498577c2ed8bf9.webp,40.0,74.26
Vulpix,019c3ac3-ec71-70da-b908-72a68293964a,037/165,SV: Scarlet & Violet 151,sv-scarlet-and-violet-151,Normal,Common,USD,US,0.99,0.99,0.99,20.0,1.0,1.41,1.41,0.99,0.99,1.0,0.13,0.03,0.25,6138.0,0.13,0.12571429,0.13483872,,,,2026-05-25T21:28:58.987Z,https://cdn.poketrace.com/cards/fc498577c2ed8bf9.webp,40.0,74.26
Ninetales,019bffaa-1a46-7583-8091-0b5a6df5fde1,038/165,SV: Scarlet & Violet 151,sv-scarlet-and-violet-151,Holofoil,Double Rare,USD,US,3.1933334,1.7,4.39,370.0,1.77,2.0242858,2.4998147,1.77,2.49,2.74,2.3,2.02,4.64,14491.0,2.2,2.3157144,2.2993548,,,,2026-05-25T21:28:58.987Z,https://cdn.poketrace.com/cards/ed8f018719dbc055.webp,18.0,88.78
Ninetales,019bffab-58b9-77cf-912b-76f115cad08a,186/165,SV: Scarlet & Violet 151,sv-scarlet-and-violet-151,Holofoil,Ultra Rare,USD,US,19.95,19.95,19.95,295.0,14.29,17.647142,15.7805,14.5,16.245,15.0,16.04,15.67,15.67,5123.0,16.3,16.168571,16.030968,,,,2026-05-25T21:28:58.987Z,https://cdn.poketrace.com/cards/b51c330fa4396313.webp,18.0,88.78
Jigglypuff,019bffaa-1a46-7583-8091-0cc34a695942,039/165,SV: Scarlet & Violet 151,sv-scarlet-and-violet-151,Reverse_Holofoil,Common,USD,US,1.515,1.39,1.64,91.0,1.99,2.352857,2.0976667,1.515,1.515,1.99,0.31,0.29,0.4,5334.0,0.31,0.32285714,0.3280645,,,,2026-05-25T21:28:58.987Z,https://cdn.poketrace.com/cards/be1e4240a369fdc7.webp,90.0,41.26
Jigglypuff,019c3ac3-ec71-70da-b908-77a704d8e58a,039/165,SV: Scarlet & Violet 151,sv-scarlet-and-violet-151,Normal,Common,USD,US,2.04,2.04,2.04,51.0,1.88,1.7635714,1.707,2.04,1.96,1.88,0.2,0.15,0.25,2658.0,0.19,0.17142858,0.17064516,,,,2026-05-25T21:28:58.987Z,https://cdn.poketrace.com/cards/be1e4240a369fdc7.webp,90.0,41.26
Wigglytuff,019bffaa-1a46-7583-8091-10aef4747ab2,040/165,SV: Scarlet & Violet 151,sv-scarlet-and-violet-151,Holofoil,Double Rare,USD,US,3.48,3.48,3.48,278.0,2.99,2.4607143,2.6205769,2.99,1.99,2.49,1.49,1.0,2.99,12063.0,1.36,1.3385714,1.3441936,,,,2026-05-25T21:28:58.987Z,https://cdn.poketrace.com/cards/5ec02b01f9abda7b.webp,125.0,18.16
Wigglytuff,019bffab-58b9-77cf-912b-9753e30dadcd,187/165,SV: Scarlet & Violet 151,sv-scarlet-and-violet-151,Holofoil,Ultra Rare,USD,US,9.34,9.09,9.59,302.0,8.725,8.765715,10.032826,9.09,9.09,9.59,11.03,6.0,8.65,5827.0,11.01,9.797143,9.766774,,,,2026-05-25T21:28:58.987Z,https://cdn.poketrace.com/cards/bf5b19dfb32e1280.webp,125.0,18.16
Zubat,019bffaa-1a47-7762-8bb3-e0014c9923a6,041/165,SV: Scarlet & Violet 151,sv-scarlet-and-violet-151,Reverse_Holofoil,Common,USD,US,0.72,0.72,0.72,38.0,1.57,1.5600001,1.5600001,0.72,1.145,1.57,0.27,0.29,0.3,3832.0,0.3,0.2857143,0.2548387,,,,2026-05-25T21:28:58.987Z,https://cdn.poketrace.com/cards/831bea7704e913cc.webp,151.0,1.0
Zubat,019c3ac3-ec71-70da-b908-7a91382d1959,041/165,SV: Scarlet & Violet 151,sv-scarlet-and-violet-151,Normal,Common,USD,US,2.19,2.19,2.19,17.0,0.99,1.5033333,1.5033333,1.59,1.59,1.33,0.08,0.01,0.25,3832.0,0.09,0.08,0.1016129,,,,2026-05-25T21:28:58.987Z,https://cdn.poketrace.com/cards/831bea7704e913cc.webp,151.0,1.0
Golbat,019bffaa-1a47-7762-8bb3-e50d7cdb6bf9,042/165,SV: Scarlet & Violet 151,sv-scarlet-and-violet-151,Reverse_Holofoil,Uncommon,USD,US,1.89,1.89,1.89,41.0,1.57,1.5371429,1.8354546,1.89,1.51,1.57,0.27,0.29,0.3,3795.0,0.27,0.2957143,0.28354838,,,,2026-05-25T21:28:58.987Z,https://cdn.poketrace.com/cards/6c8ee5bc7aba3926.webp,120.0,21.46
Golbat,019c3ac3-ec71-70da-b908-7def55b68526,042/165,SV: Scarlet & Violet 151,sv-scarlet-and-violet-151,Normal,Uncommon,USD,US,0.91,0.91,0.91,26.0,,,,0.91,0.91,0.91,0.09,0.01,0.25,3813.0,0.1,0.08857143,0.10064516,,,,2026-05-25T21:28:58.987Z,https://cdn.poketrace.com/cards/6c8ee5bc7aba3926.webp,120.0,21.46
Oddish,019bffaa-1a47-7762-8bb3-eb944c0c1960,043/165,SV: Scarlet & Violet 151,sv-scarlet-and-violet-151,Reverse_Holofoil,Common,USD,US,1.3433334,0.99,1.75,50.0,1.34,1.5885714,1.63875,1.29,1.39,1.5,0.25,0.22,0.29,3902.0,0.27,0.27,0.25870967,,,,2026-05-25T21:28:58.987Z,https://cdn.poketrace.com/cards/d9d5f4d828248116.webp,98.0,35.98
Oddish,019c3ac3-ec71-70da-b908-821e97e4de2c,043/165,SV: Scarlet & Violet 151,sv-scarlet-and-violet-151,Normal,Common,USD,US,1.49,1.49,1.49,27.0,1.0,1.096,1.096,1.49,1.49,1.0,0.13,0.03,0.25,4967.0,0.12,0.117142856,0.1335484,,,,2026-05-25T21:28:58.987Z,https://cdn.poketrace.com/cards/d9d5f4d828248116.webp,98.0,35.98
Gloom,019bffaa-1a47-7762-8bb3-ed969950f828,044/165,SV: Scarlet & Violet 151,sv-scarlet-and-violet-151,Reverse_Holofoil,Uncommon,USD,US,2.69,2.69,2.69,41.0,2.68,1.96,1.96,2.68,1.7,1.845,0.29,0.29,0.3,4179.0,0.31,0.2857143,0.2864516,,,,2026-05-25T21:28:58.987Z,https://cdn.poketrace.com/cards/a863b47591b1e67e.webp,135.0,11.56
Gloom,019c3ac3-ec71-70da-b908-87a3f59a6bbd,044/165,SV: Scarlet & Violet 151,sv-scarlet-and-violet-151,Normal,Uncommon,USD,US,1.25,1.25,1.25,25.0,1.54,1.5366666,1.5366666,1.25,1.25,1.52,0.16,0.15,0.25,4096.0,0.16,0.15142857,0.16387096,,,,2026-05-25T21:28:58.987Z,https://cdn.poketrace.com/cards/a863b47591b1e67e.webp,135.0,11.56
Vileplume,019bffaa-1a47-7762-8bb3-f09d214efc6d,045/165,SV: Scarlet & Violet 151,sv-scarlet-and-violet-151,Reverse_Holofoil,Rare,USD,US,1.5,1.5,1.5,121.0,2.425,1.9628571,2.044643,1.5,1.78,1.99,1.08,1.12,1.52,5202.0,1.04,1.0042857,0.91645163,,,,2026-05-25T21:28:58.987Z,https://cdn.poketrace.com/cards/2e1c7663f76310e6.webp,79.0,48.52
Vileplume,019c3ac3-ec71-70da-b908-8b335a543949,045/165,SV: Scarlet & Violet 151,sv-scarlet-and-violet-151,Holofoil,Rare,USD,US,2.535,1.59,3.48,122.0,1.79,2.0135715,1.9379166,2.535,1.79,1.99,0.28,0.19,0.23,7712.0,0.28,0.27857143,0.25935483,,,,2026-05-25T21:28:58.987Z,https://cdn.poketrace.com/cards/2e1c7663f76310e6.webp,79.0,48.52
Vileplume,019bffab-58b9-77cf-912c-d0cd88375f4d,,SV: Scarlet & Violet 151,sv-scarlet-and-violet-151,Normal,,USD,US,,,,,,,,,,,,,,,,,,,,,2026-05-25T21:28:58.987Z,https://cdn.poketrace.com/cards/af3f32118aadde4e.webp,79.0,48.52
Paras,019bffaa-1a47-7762-8bb3-f597067433da,046/165,SV: Scarlet & Violet 151,sv-scarlet-and-violet-151,Reverse_Holofoil,Common,USD,US,1.99,1.99,1.99,39.0,1.7,1.8516667,1.8516667,1.99,1.99,1.99,0.24,0.2,0.3,3590.0,0.26,0.24714285,0.2283871,,,,2026-05-25T21:28:58.987Z,https://cdn.poketrace.com/cards/cc1603ad1e3e8ef4.webp,148.0,2.98
Paras,019c3ac3-ec71-70da-b908-8e1cad4ddcb9,046/165,SV: Scarlet & Violet 151,sv-scarlet-and-violet-151,Normal,Common,USD,US,3.0,3.0,3.0,15.0,,,,3.0,3.0,3.0,0.08,0.08,0.08,3460.0,0.08,0.07571428,0.0683871,,,,2026-05-25T21:28:58.987Z,https://cdn.poketrace.com/cards/cc1603ad1e3e8ef4.webp,148.0,2.98
Paras,019bffaa-1a47-7762-8bb3-f94c78502ffa,047/165,SV: Scarlet & Violet 151,sv-scarlet-and-violet-151,Reverse_Holofoil,Uncommon,USD,US,1.66,1.66,1.66,42.0,2.29,1.935,1.935,1.66,1.66,1.99,0.27,0.25,0.29,3777.0,0.28,0.2642857,0.2596774,,,,2026-05-25T21:28:58.987Z,https://cdn.poketrace.com/cards/2f7b51cd9e0235f7.webp,148.0,2.98
Paras,019c3ac3-ec71-70da-b908-90b9ebb91380,047/165,SV: Scarlet & Violet 151,sv-scarlet-and-violet-151,Normal,Uncommon,USD,US,1.07,1.07,1.07,27.0,1.99,1.5300001,1.5300001,1.07,1.07,1.07,0.09,0.01,0.25,3556.0,0.1,0.09714286,0.1132258,,,,2026-05-25T21:28:58.987Z,https://cdn.poketrace.com/cards/2f7b51cd9e0235f7.webp,148.0,2.98
Parasect,019bffaa-1a47-7762-8bb3-f94c78502ffa,047/165,SV: Scarlet & Violet 151,sv-scarlet-and-violet-151,Reverse_Holofoil,Uncommon,USD,US,1.66,1.66,1.66,42.0,2.29,1.935,1.935,1.66,1.66,1.99,0.27,0.25,0.29,3777.0,0.28,0.2642857,0.2596774,,,,2026-05-25T21:28:58.987Z,https://cdn.poketrace.com/cards/2f7b51cd9e0235f7.webp,116.0,24.1
Parasect,019c3ac3-ec71-70da-b908-90b9ebb91380,047/165,SV: Scarlet & Violet 151,sv-scarlet-and-violet-151,Normal,Uncommon,USD,US,1.07,1.07,1.07,27.0,1.99,1.5300001,1.5300001,1.07,1.07,1.07,0.09,0.01,0.25,3556.0,0.1,0.09714286,0.1132258,,,,2026-05-25T21:28:58.987Z,https://cdn.poketrace.com/cards/2f7b51cd9e0235f7.webp,116.0,24.1
Venonat,019bffaa-1a47-7762-8bb3-ffa185a08331,048/165,SV: Scarlet & Violet 151,sv-scarlet-and-violet-151,Reverse_Holofoil,Common,USD,US,2.0,2.0,2.0,51.0,1.7,1.8307142,1.863125,2.0,1.85,1.9,0.23,0.2,0.29,3695.0,0.22,0.23857144,0.20580645,,,,2026-05-25T21:28:58.987Z,https://cdn.poketrace.com/cards/59f939eb14864322.webp,84.0,45.22
Venonat,019c3ac3-ec71-70da-b908-9447b8079aa5,048/165,SV: Scarlet & Violet 151,sv-scarlet-and-violet-151,Normal,Common,USD,US,2.49,2.49,2.49,25.0,1.88,2.185,2.185,2.49,2.49,1.88,0.11,0.05,0.25,3438.0,0.1,0.09142857,0.090322584,,,,2026-05-25T21:28:58.987Z,https://cdn.poketrace.com/cards/59f939eb14864322.webp,84.0,45.22
Venomoth,019bffaa-1a47-7762-8bb4-018b7ed422a5,049/165,SV: Scarlet & Violet 151,sv-scarlet-and-violet-151,Reverse_Holofoil,Uncommon,USD,US,3.19,3.19,3.19,60.0,2.09,1.8657143,1.8163637,2.64,2.09,1.75,0.26,0.27,0.32,4073.0,0.26,0.30571428,0.29096773,,,,2026-05-25T21:28:58.987Z,https://cdn.poketrace.com/cards/cb650d79c07a5eb1.webp,118.0,22.78
Venomoth,019c3ac3-ec71-70da-b908-987a7a55f3bb,049/165,SV: Scarlet & Violet 151,sv-scarlet-and-violet-151,Normal,Uncommon,USD,US,1.88,1.88,1.88,24.0,,,,1.88,1.88,1.88,0.12,0.12,0.12,4035.0,0.12,0.11,0.14903226,,,,2026-05-25T21:28:58.987Z,https://cdn.poketrace.com/cards/cb650d79c07a5eb1.webp,118.0,22.78
Diglett,019bffaa-1a47-7762-8bb4-04f4235620c7,050/165,SV: Scarlet & Violet 151,sv-scarlet-and-violet-151,Reverse_Holofoil,Common,USD,US,0.99,0.99,0.99,48.0,2.39,1.80375,1.80375,0.99,0.99,1.99,0.28,0.29,0.31,3574.0,0.26,0.26142856,0.23483871,,,,2026-05-25T21:28:58.987Z,https://cdn.poketrace.com/cards/288ab5c088a71043.webp,122.0,20.14
Diglett,019c3ac3-ec71-70da-b908-9c1d79750522,050/165,SV: Scarlet & Violet 151,sv-scarlet-and-violet-151,Normal,Common,USD,US,1.0,1.0,1.0,19.0,1.49,1.37,1.37,1.245,1.245,1.37,0.08,0.01,0.01,4353.0,0.08,0.09428571,0.1016129,,,,2026-05-25T21:28:58.987Z,https://cdn.poketrace.com/cards/288ab5c088a71043.webp,122.0,20.14
Dugtrio,019bffaa-1a47-7762-8bb4-08a1df582042,051/165,SV: Scarlet & Violet 151,sv-scarlet-and-violet-151,Reverse_Holofoil,Uncommon,USD,US,1.115,0.99,1.24,35.0,1.46,1.5914286,1.5914286,1.24,1.35,1.475,0.24,0.25,0.25,2102.0,0.24,0.24285714,0.23354839,,,,2026-05-25T21:28:58.987Z,https://cdn.poketrace.com/cards/2a24576b6c8045b2.webp,97.0,36.64
Dugtrio,019c3ac3-ec71-70da-b908-a3cf77403051,051/165,SV: Scarlet & Violet 151,sv-scarlet-and-violet-151,Normal,Uncommon,USD,US,1.98,1.98,1.98,30.0,1.89,1.572,1.572,1.98,1.935,1.89,0.12,0.01,0.25,3390.0,0.12,0.122857146,0.12612903,,,,2026-05-25T21:28:58.987Z,https://cdn.poketrace.com/cards/2a24576b6c8045b2.webp,97.0,36.64
Meowth,019bffaa-1a47-7762-8bb4-0f75b7fbb4cd,052/165,SV: Scarlet & Violet 151,sv-scarlet-and-violet-151,Reverse_Holofoil,Common,USD,US,1.75,1.75,1.75,79.0,1.75,1.7464286,1.7982143,1.75,1.75,1.89,0.25,0.29,0.3,4417.0,0.25,0.25428572,0.26516128,,,,2026-05-25T21:28:58.987Z,https://cdn.poketrace.com/cards/1cca2db254fb2c09.webp,85.0,44.56
Meowth,019c3ac3-ec71-70da-b908-a710e05b27b7,052/165,SV: Scarlet & Violet 151,sv-scarlet-and-violet-151,Normal,Common,USD,US,1.615,1.49,1.74,64.0,1.79,1.7485714,1.7866666,1.74,1.745,1.75,0.18,0.15,0.4,5548.0,0.18,0.14,0.13741936,,,,2026-05-25T21:28:58.987Z,https://cdn.poketrace.com/cards/1cca2db254fb2c09.webp,85.0,44.56
Meowth,019bffab-58b9-77cf-912c-e9d78a420c0f,,SV: Scarlet & Violet 151,sv-scarlet-and-violet-151,Normal,,USD,US,,,,,,,,,,,,,,,,,,,,,2026-05-25T21:28:58.987Z,https://cdn.poketrace.com/cards/a13e4967b525cf66.webp,85.0,44.56
Persian,019bffaa-1a47-7762-8bb4-117c6fc6985d,053/165,SV: Scarlet & Violet 151,sv-scarlet-and-violet-151,Reverse_Holofoil,Uncommon,USD,US,0.99,0.99,0.99,51.0,1.74,1.5628572,1.5628572,1.365,1.365,1.55,0.29,0.25,0.3,4212.0,0.29,0.30571428,0.28,,,,2026-05-25T21:28:58.987Z,https://cdn.poketrace.com/cards/0bce957411c376e0.webp,87.0,43.24
Persian,019c3ac3-ec71-70da-b908-abef4f3ab0bc,053/165,SV: Scarlet & Violet 151,sv-scarlet-and-violet-151,Normal,Uncommon,USD,US,1.82,1.65,1.99,32.0,1.89,1.9,1.9,1.82,1.82,1.94,0.18,0.15,0.15,4382.0,0.19,0.17714286,0.16548388,,,,2026-05-25T21:28:58.987Z,https://cdn.poketrace.com/cards/0bce957411c376e0.webp,87.0,43.24
Psyduck,019bffaa-1a47-7762-8bb4-14cde402e8c8,054/165,SV: Scarlet & Violet 151,sv-scarlet-and-violet-151,Reverse_Holofoil,Common,USD,US,1.5,1.5,1.5,127.0,1.99,1.9,1.8852632,1.99,1.99,1.99,0.48,0.38,0.7,6977.0,0.45,0.41714287,0.38709676,,,,2026-05-25T21:28:58.987Z,https://cdn.poketrace.com/cards/61e385241fac3191.webp,76.0,50.5
Psyduck,019bffab-58b9-77cf-912b-85b80f213688,175/165,SV: Scarlet & Violet 151,sv-scarlet-and-violet-151,Holofoil,Illustration Rare,USD,US,67.0,67.0,67.0,104.0,71.0,68.49643,63.63139,65.0,67.0,63.0,80.91,80.91,80.91,5395.0,80.91,75.77,68.76419,,,,2026-05-25T21:28:58.987Z,https://cdn.poketrace.com/cards/99a85042aef0a299.webp,76.0,50.5
Psyduck,019c3ac3-ec71-70da-b908-acc129d7b3d4,054/165,SV: Scarlet & Violet 151,sv-scarlet-and-violet-151,Normal,Common,USD,US,1.89,1.89,1.89,93.0,1.99,2.2028573,2.0133333,1.99,1.99,1.99,0.21,0.17,0.4,10104.0,0.2,0.18714286,0.19387096,,,,2026-05-25T21:28:58.987Z,https://cdn.poketrace.com/cards/61e385241fac3191.webp,76.0,50.5
Golduck,019bffaa-1a47-7762-8bb4-18950e4e2eab,055/165,SV: Scarlet & Violet 151,sv-scarlet-and-violet-151,Reverse_Holofoil,Uncommon,USD,US,1.495,1.0,1.99,39.0,1.99,1.8312501,1.8312501,1.495,1.495,1.99,0.26,0.29,0.29,3929.0,0.25,0.29,0.27096775,,,,2026-05-25T21:28:58.987Z,https://cdn.poketrace.com/cards/6ad08f0c64003830.webp,64.0,58.42
Golduck,019c3ac3-ec71-70da-b908-b24f0d5bcba5,055/165,SV: Scarlet & Violet 151,sv-scarlet-and-violet-151,Normal,Uncommon,USD,US,1.89,1.89,1.89,23.0,1.99,1.9399999,1.9399999,1.89,1.94,1.94,0.11,0.02,0.25,2829.0,0.11,0.10285714,0.12225807,,,,2026-05-25T21:28:58.987Z,https://cdn.poketrace.com/cards/6ad08f0c64003830.webp,64.0,58.42
Mankey,019bffaa-1a47-7762-8bb4-1f67da92e439,056/165,SV: Scarlet & Violet 151,sv-scarlet-and-violet-151,Reverse_Holofoil,Common,USD,US,0.99,0.99,0.99,42.0,1.39,1.28,1.28,0.99,1.39,1.425,0.28,0.29,0.3,3572.0,0.29,0.28428572,0.2416129,,,,2026-05-25T21:28:58.987Z,https://cdn.poketrace.com/cards/c2f5c8c718cc4885.webp,114.0,25.42
Mankey,019c3ac3-ec71-70da-b908-b61414ec3585,056/165,SV: Scarlet & Violet 151,sv-scarlet-and-violet-151,Normal,Common,USD,US,1.99,1.99,1.99,21.0,1.0,1.37,1.37,1.99,1.495,1.245,0.1,0.01,0.01,3845.0,0.1,0.09142857,0.10032258,,,,2026-05-25T21:28:58.987Z,https://cdn.poketrace.com/cards/c2f5c8c718cc4885.webp,114.0,25.42
Primeape,019bffaa-1a47-7762-8bb4-23d8483abcb8,057/165,SV: Scarlet & Violet 151,sv-scarlet-and-violet-151,Reverse_Holofoil,Uncommon,USD,US,1.5,1.5,1.5,30.0,1.45,1.424,1.424,1.475,1.45,1.455,0.26,0.27,0.29,3890.0,0.26,0.28,0.26548386,,,,2026-05-25T21:28:58.987Z,https://cdn.poketrace.com/cards/9f1b82f1bf9f5554.webp,59.0,61.72
Primeape,019c3ac3-ec71-70da-b908-ba02788372e5,057/165,SV: Scarlet & Violet 151,sv-scarlet-and-violet-151,Normal,Uncommon,USD,US,1.79,1.79,1.79,24.0,1.69,1.7457143,1.7457143,1.74,1.74,1.835,0.13,0.02,0.02,3749.0,0.15,0.11857143,0.106451616,,,,2026-05-25T21:28:58.987Z,https://cdn.poketrace.com/cards/9f1b82f1bf9f5554.webp,59.0,61.72
Growlithe,019bffaa-1a47-7762-8bb4-24173ee8cd68,058/165,SV: Scarlet & Violet 151,sv-scarlet-and-violet-151,Reverse_Holofoil,Common,USD,US,1.8,1.8,1.8,32.0,1.44,2.09,2.09,1.49,1.49,1.645,0.28,0.25,0.4,4252.0,0.28,0.28428572,0.26903227,,,,2026-05-25T21:28:58.987Z,https://cdn.poketrace.com/cards/4d12d0e1694c55c8.webp,23.0,85.48
Growlithe,019c3ac3-ec71-70da-b908-bf1659fe3ed2,058/165,SV: Scarlet & Violet 151,sv-scarlet-and-violet-151,Normal,Common,USD,US,1.98,1.98,1.98,15.0,1.99,1.9866667,1.9866667,1.98,1.98,1.99,0.12,0.25,0.25,5225.0,0.12,0.1,0.12419355,,,,2026-05-25T21:28:58.987Z,https://cdn.poketrace.com/cards/4d12d0e1694c55c8.webp,23.0,85.48
Arcanine,019bffaa-1a47-7762-8bb4-296428d33a65,059/165,SV: Scarlet & Violet 151,sv-scarlet-and-violet-151,Reverse_Holofoil,Uncommon,USD,US,1.99,1.99,1.99,32.0,2.25,2.078,2.078,1.99,2.12,2.12,0.33,0.29,0.44,5179.0,0.33,0.32285714,0.30935484,,,,2026-05-25T21:28:58.987Z,https://cdn.poketrace.com/cards/f7dedbc36c02d5cf.webp,3.0,98.68
Arcanine,019c3ac3-ec71-70da-b908-c1f43f2fe302,059/165,SV: Scarlet & Violet 151,sv-scarlet-and-violet-151,Normal,Uncommon,USD,US,1.99,1.99,1.99,22.0,1.79,2.2383335,2.2383335,1.99,1.99,2.09,0.26,0.25,0.4,2065.0,0.25,0.20714286,0.22548386,,,,2026-05-25T21:28:58.987Z,https://cdn.poketrace.com/cards/f7dedbc36c02d5cf.webp,3.0,98.68
Arcanine,019bffab-58b9-77cf-912c-cfd03260b04f,,SV: Scarlet & Violet 151,sv-scarlet-and-violet-151,Normal,,USD,US,,,,,,,,,,,,,,,,,,,,,2026-05-25T21:28:58.987Z,https://cdn.poketrace.com/cards/8c915674259d2504.webp,3.0,98.68
Poliwag,019bffaa-1a47-7762-8bb4-2fd41d49afbb,060/165,SV: Scarlet & Violet 151,sv-scarlet-and-violet-151,Reverse_Holofoil,Common,USD,US,1.85,1.85,1.85,51.0,1.99,1.5771428,1.5771428,1.99,1.92,1.85,0.23,0.29,0.29,4202.0,0.22,0.24857143,0.2667742,,,,2026-05-25T21:28:58.987Z,https://cdn.poketrace.com/cards/886ba0bda715b98a.webp,88.0,42.58
Poliwag,019c3ac3-ec71-70da-b908-c7710df17e6c,060/165,SV: Scarlet & Violet 151,sv-scarlet-and-violet-151,Normal,Common,USD,US,1.99,1.99,1.99,35.0,2.19,1.8314286,1.81375,2.19,2.09,1.935,0.12,0.25,0.25,4907.0,0.11,0.12571429,0.11903226,,,,2026-05-25T21:28:58.987Z,https://cdn.poketrace.com/cards/886ba0bda715b98a.webp,88.0,42.58
Poliwag,019bffab-58b9-77cf-912c-da55d57d30e6,,SV: Scarlet & Violet 151,sv-scarlet-and-violet-151,Normal,,USD,US,,,,,,,,,,,,,,,,,,,,,2026-05-25T21:28:58.987Z,https://cdn.poketrace.com/cards/568d05f18b3f9185.webp,88.0,42.58
Poliwhirl,019bffaa-1a47-7762-8bb4-3326a0840d3f,061/165,SV: Scarlet & Violet 151,sv-scarlet-and-violet-151,Reverse_Holofoil,Common,USD,US,3.53,3.07,3.99,102.0,3.25,2.6785715,2.5877273,3.53,3.16,2.62,2.42,1.75,8.99,5500.0,2.14,2.7257142,2.3761292,,,,2026-05-25T21:28:58.987Z,https://cdn.poketrace.com/cards/77c697224cc4b0b8.webp,83.0,45.88
Poliwhirl,019bffab-58b9-77cf-912b-82d1c98aadda,176/165,SV: Scarlet & Violet 151,sv-scarlet-and-violet-151,Holofoil,Illustration Rare,USD,US,51.111668,40.0,56.0,468.0,48.0,48.182858,44.114483,50.0,49.0,44.99,56.0,55.95,55.95,6320.0,56.16,56.767143,51.713547,,,,2026-05-25T21:28:58.987Z,https://cdn.poketrace.com/cards/fc10b88b1cc8c033.webp,83.0,45.88
Poliwhirl,019c3ac3-ec71-70da-b908-c97ac1ab8714,061/165,SV: Scarlet & Violet 151,sv-scarlet-and-violet-151,Normal,Common,USD,US,3.3,3.3,3.3,59.0,3.3,2.6757143,2.3331819,3.3,3.3,1.99,0.23,0.23,0.23,4719.0,0.23,0.20285714,0.19935484,,,,2026-05-25T21:28:58.987Z,https://cdn.poketrace.com/cards/77c697224cc4b0b8.webp,83.0,45.88
Poliwrath,019bffaa-1a47-7762-8bb4-3744361775ff,062/165,SV: Scarlet & Violet 151,sv-scarlet-and-violet-151,Reverse_Holofoil,Uncommon,USD,US,1.99,1.99,1.99,66.0,1.99,2.0064285,2.0064285,1.99,1.99,1.95,0.28,0.29,0.3,4341.0,0.28,0.2742857,0.28354838,,,,2026-05-25T21:28:58.987Z,https://cdn.poketrace.com/cards/7eac46fc1d2d234d.webp,51.0,67.0
Poliwrath,019c3ac3-ec71-70da-b908-cf9ed23af70e,062/165,SV: Scarlet & Violet 151,sv-scarlet-and-violet-151,Normal,Uncommon,USD,US,1.99,1.99,1.99,32.0,2.0,1.6483333,1.6483333,1.995,1.995,1.835,0.15,0.15,0.15,1675.0,0.15,0.13714285,0.15032259,,,,2026-05-25T21:28:58.987Z,https://cdn.poketrace.com/cards/7eac46fc1d2d234d.webp,51.0,67.0
Abra,019bffaa-1a47-7762-8bb4-38a85deeefee,063/165,SV: Scarlet & Violet 151,sv-scarlet-and-violet-151,Reverse_Holofoil,Common,USD,US,0.72,0.72,0.72,69.0,1.11,1.3233334,1.3233334,0.72,0.72,1.46,0.28,0.29,0.47,4512.0,0.28,0.29142857,0.2670968,,,,2026-05-25T21:28:58.987Z,https://cdn.poketrace.com/cards/a9982f46a581e5db.webp,58.0,62.38
Abra,019c3ac3-ec71-70da-b908-d3af0e87de28,063/165,SV: Scarlet & Violet 151,sv-scarlet-and-violet-151,Normal,Common,USD,US,3.59,3.59,3.59,199.0,2.99,2.5857143,2.215,2.97,2.545,2.39,0.11,0.11,0.11,5683.0,0.11,0.11,0.12064516,,,,2026-05-25T21:28:58.987Z,https://cdn.poketrace.com/cards/a9982f46a581e5db.webp,58.0,62.38
Kadabra,019bffaa-1a47-7762-8bb4-3d06b8e383ed,064/165,SV: Scarlet & Violet 151,sv-scarlet-and-violet-151,Reverse_Holofoil,Uncommon,USD,US,1.66,1.66,1.66,70.0,1.99,2.2157142,1.9916667,1.99,1.99,1.79,0.3,0.29,0.29,4943.0,0.3,0.28142858,0.28709677,,,,2026-05-25T21:28:58.987Z,https://cdn.poketrace.com/cards/0e63b819bd4e190c.webp,42.0,72.94
Kadabra,019c3ac3-ec71-70da-b908-d4fb4e06c509,064/165,SV: Scarlet & Violet 151,sv-scarlet-and-violet-151,Normal,Uncommon,USD,US,0.99,0.99,0.99,169.0,1.5,1.86,1.8847369,1.245,1.61,1.89,0.16,0.1,0.25,5478.0,0.16,0.15,0.18806452,,,,2026-05-25T21:28:58.987Z,https://cdn.poketrace.com/cards/0e63b819bd4e190c.webp,42.0,72.94
Kadabra,019bffab-58b9-77cf-912c-df01bb94d795,,SV: Scarlet & Violet 151,sv-scarlet-and-violet-151,Normal,,USD,US,,,,,,,,,,,,,,,,,,,,,2026-05-25T21:28:58.987Z,https://cdn.poketrace.com/cards/88e698ceba599b15.webp,42.0,72.94
Alakazam,019bffaa-1a47-7762-8bb4-411aa1e3d814,065/165,SV: Scarlet & Violet 151,sv-scarlet-and-violet-151,Holofoil,Double Rare,USD,US,3.99,2.99,4.99,266.0,4.19,3.19,2.7396,3.59,2.99,2.75,2.28,2.04,5.4,11886.0,2.09,1.9757143,2.084516,,,,2026-05-25T21:28:58.987Z,https://cdn.poketrace.com/cards/f9bb7505055878ce.webp,11.0,93.4
Alakazam,019bffab-58b9-77cf-912b-3f5b297454ea,188/165,SV: Scarlet & Violet 151,sv-scarlet-and-violet-151,Holofoil,Ultra Rare,USD,US,11.3,11.3,11.3,312.0,,,,15.24,14.49,14.85,15.39,12.24,19.94,5573.0,15.27,14.724286,14.670968,,,,2026-05-25T21:28:58.987Z,https://cdn.poketrace.com/cards/e16cdcd2c19c0c4c.webp,11.0,93.4
Alakazam,019bffab-58b9-77cf-912b-b4cb57a7ddb5,201/165,SV: Scarlet & Violet 151,sv-scarlet-and-violet-151,Holofoil,Special Illustration Rare,USD,US,71.055,66.0,79.06,407.0,73.0,76.86071,76.85667,72.64,73.1,75.0,85.26,85.26,85.26,4670.0,85.26,85.65143,81.355804,,,,2026-05-25T21:28:58.987Z,https://cdn.poketrace.com/cards/c6cac0a3c3d45c9d.webp,11.0,93.4
Alakazam,019bffa9-14a4-732a-bc78-01a2ac44a30b,,SV: Scarlet & Violet 151,sv-scarlet-and-violet-151,Normal,,USD,US,,,,,,,,,,,,,,,,,,,,,2026-05-25T21:28:58.987Z,https://cdn.poketrace.com/cards/02db9da0d6fdc229.webp,11.0,93.4
Alakazam,019bffab-58b9-77cf-912c-4f265e049ce3,,SV: Scarlet & Violet 151,sv-scarlet-and-violet-151,Normal,,USD,US,,,,,,,,,,,,,,,,,,,,,2026-05-25T21:28:58.987Z,https://cdn.poketrace.com/cards/aa7b7e5c20840c70.webp,11.0,93.4
Alakazam,019bffac-ba77-77e9-b32e-76a598683719,,SV: Scarlet & Violet 151,sv-scarlet-and-violet-151,Normal,Code Card,USD,US,,,,,,,,,,,0.09,0.09,0.09,322.0,0.09,0.09,0.09290323,,,,2026-05-25T21:28:58.987Z,https://cdn.poketrace.com/cards/bf12181ea054617e.webp,11.0,93.4
Machop,019bffaa-1a47-7762-8bb4-45af13bc40d4,066/165,SV: Scarlet & Violet 151,sv-scarlet-and-violet-151,Reverse_Holofoil,Common,USD,US,1.0,1.0,1.0,38.0,1.57,1.4778571,1.475625,1.535,1.535,1.5,0.23,0.2,0.29,4076.0,0.22,0.24571429,0.21451613,,,,2026-05-25T21:28:58.987Z,https://cdn.poketrace.com/cards/735ef403484f2b57.webp,95.0,37.96
Machop,019c3ac3-ec71-70da-b908-da487b8cc141,066/165,SV: Scarlet & Violet 151,sv-scarlet-and-violet-151,Normal,Common,USD,US,2.19,2.19,2.19,22.0,1.25,1.4860001,1.4860001,2.19,1.72,1.25,0.09,0.02,0.25,4840.0,0.08,0.071428575,0.06870968,,,,2026-05-25T21:28:58.987Z,https://cdn.poketrace.com/cards/735ef403484f2b57.webp,95.0,37.96
Machop,019bffaa-1a47-7762-8bb4-494e36a9ecd7,067/165,SV: Scarlet & Violet 151,sv-scarlet-and-violet-151,Reverse_Holofoil,Uncommon,USD,US,1.5,1.5,1.5,47.0,1.99,1.3371428,1.585,1.745,1.48,1.48,0.31,0.29,0.29,3321.0,0.32,0.32,0.28387097,,,,2026-05-25T21:28:58.987Z,https://cdn.poketrace.com/cards/0cd363feb27937b5.webp,95.0,37.96
Machop,019bffab-58b9-77cf-912b-67c4d73f2f4a,177/165,SV: Scarlet & Violet 151,sv-scarlet-and-violet-151,Holofoil,Illustration Rare,USD,US,22.0,22.0,22.0,448.0,26.515,22.606428,24.791538,23.495,22.5,24.65,26.24,20.0,27.43,6843.0,27.55,27.885714,26.632257,,,,2026-05-25T21:28:58.987Z,https://cdn.poketrace.com/cards/8e573b0c4a96626b.webp,95.0,37.96
Machop,019c3ac3-ec71-70da-b908-ddfe7379107e,067/165,SV: Scarlet & Violet 151,sv-scarlet-and-violet-151,Normal,Uncommon,USD,US,2.6,2.6,2.6,21.0,2.6,5.438333,5.438333,2.6,2.6,2.6,0.19,0.19,0.19,4225.0,0.19,0.17,0.17709677,,,,2026-05-25T21:28:58.987Z,https://cdn.poketrace.com/cards/0cd363feb27937b5.webp,95.0,37.96
Machoke,019bffaa-1a47-7762-8bb4-494e36a9ecd7,067/165,SV: Scarlet & Violet 151,sv-scarlet-and-violet-151,Reverse_Holofoil,Uncommon,USD,US,1.5,1.5,1.5,47.0,1.99,1.3371428,1.585,1.745,1.48,1.48,0.31,0.29,0.29,3321.0,0.32,0.32,0.28387097,,,,2026-05-25T21:28:58.987Z,https://cdn.poketrace.com/cards/0cd363feb27937b5.webp,71.0,53.8
Machoke,019bffab-58b9-77cf-912b-67c4d73f2f4a,177/165,SV: Scarlet & Violet 151,sv-scarlet-and-violet-151,Holofoil,Illustration Rare,USD,US,22.0,22.0,22.0,448.0,26.515,22.606428,24.791538,23.495,22.5,24.65,26.24,20.0,27.43,6843.0,27.55,27.885714,26.632257,,,,2026-05-25T21:28:58.987Z,https://cdn.poketrace.com/cards/8e573b0c4a96626b.webp,71.0,53.8
Machoke,019c3ac3-ec71-70da-b908-ddfe7379107e,067/165,SV: Scarlet & Violet 151,sv-scarlet-and-violet-151,Normal,Uncommon,USD,US,2.6,2.6,2.6,21.0,2.6,5.438333,5.438333,2.6,2.6,2.6,0.19,0.19,0.19,4225.0,0.19,0.17,0.17709677,,,,2026-05-25T21:28:58.987Z,https://cdn.poketrace.com/cards/0cd363feb27937b5.webp,71.0,53.8
Machamp,019bffaa-1a47-7762-8bb4-4ef0a99f1c96,068/165,SV: Scarlet & Violet 151,sv-scarlet-and-violet-151,Reverse_Holofoil,Rare,USD,US,1.69,1.69,1.69,100.0,1.99,2.059,2.059,1.69,1.69,2.12,1.26,0.5,1.91,5665.0,1.23,1.2,1.0596666,,,,2026-05-25T21:28:58.987Z,https://cdn.poketrace.com/cards/bb446b0554009218.webp,43.0,72.28
Machamp,019c3ac3-ec71-70da-b908-e36a7002a188,068/165,SV: Scarlet & Violet 151,sv-scarlet-and-violet-151,Holofoil,Rare,USD,US,0.99,0.99,0.99,103.0,1.95,1.595,1.578125,0.99,1.75,1.645,0.32,0.2,0.4,2900.0,0.32,0.29142857,0.27483872,,,,2026-05-25T21:28:58.987Z,https://cdn.poketrace.com/cards/bb446b0554009218.webp,43.0,72.28
Machamp,019bffab-58b9-77cf-912c-e16586a24924,,SV: Scarlet & Violet 151,sv-scarlet-and-violet-151,Normal,,USD,US,,,,,,,,,,,,,,,,,,,,,2026-05-25T21:28:58.987Z,https://cdn.poketrace.com/cards/f6962a0dacc93777.webp,43.0,72.28
Bellsprout,019bffaa-1a47-7762-8bb4-971607913a26,069/165,SV: Scarlet & Violet 151,sv-scarlet-and-violet-151,Reverse_Holofoil,Common,USD,US,1.865,1.57,2.16,39.0,1.57,1.447,1.447,1.57,1.57,1.57,0.23,0.29,0.3,3935.0,0.25,0.25285715,0.25903225,,,,2026-05-25T21:28:58.987Z,https://cdn.poketrace.com/cards/453b970420f0b7a8.webp,136.0,10.9
Bellsprout,019c3ac3-ec71-70da-b908-e4388d83f975,069/165,SV: Scarlet & Violet 151,sv-scarlet-and-violet-151,Normal,Common,USD,US,1.98,1.98,1.98,20.0,1.22,1.6,1.6,1.98,1.98,1.6,0.06,0.01,0.01,1866.0,0.07,0.08,0.09290323,,,,2026-05-25T21:28:58.987Z,https://cdn.poketrace.com/cards/453b970420f0b7a8.webp,136.0,10.9
Weepinbell,019bffaa-1a47-7762-8bb4-a123b646d047,070/165,SV: Scarlet & Violet 151,sv-scarlet-and-violet-151,Reverse_Holofoil,Common,USD,US,6.06,6.06,6.06,93.0,2.0,2.847143,2.7325,4.03,2.23,2.28,2.08,3.14,3.14,4852.0,2.03,2.0614285,1.9212903,,,,2026-05-25T21:28:58.987Z,https://cdn.poketrace.com/cards/f1d339109d351587.webp,140.0,8.26
Weepinbell,019c3ac3-ec71-70da-b908-e81c3be88231,070/165,SV: Scarlet & Violet 151,sv-scarlet-and-violet-151,Normal,Common,USD,US,1.25,1.25,1.25,60.0,2.74,1.895,1.895,1.995,2.49,1.745,0.18,0.15,0.15,1448.0,0.19,0.18142857,0.16096774,,,,2026-05-25T21:28:58.987Z,https://cdn.poketrace.com/cards/f1d339109d351587.webp,140.0,8.26
Victreebel,019bffaa-1a47-7762-8bb4-a42e652d247c,071/165,SV: Scarlet & Violet 151,sv-scarlet-and-violet-151,Reverse_Holofoil,Uncommon,USD,US,2.0,2.0,2.0,52.0,2.105,1.6892858,1.7083334,2.0,2.0,1.645,0.24,0.24,0.29,3971.0,0.23,0.24428572,0.24258065,,,,2026-05-25T21:28:58.987Z,https://cdn.poketrace.com/cards/1f0b194914b006d7.webp,93.0,39.28
Victreebel,019c3ac3-ec71-70da-b908-ec548bf4b8f3,071/165,SV: Scarlet & Violet 151,sv-scarlet-and-violet-151,Normal,Uncommon,USD,US,1.3,1.3,1.3,32.0,2.69,1.8683333,1.8683333,1.995,1.895,1.895,0.13,0.04,0.04,4171.0,0.13,0.13,0.14225806,,,,2026-05-25T21:28:58.987Z,https://cdn.poketrace.com/cards/1f0b194914b006d7.webp,93.0,39.28
Tentacool,019bffaa-1a47-7762-8bb4-abc5fe4c1d50,072/165,SV: Scarlet & Violet 151,sv-scarlet-and-violet-151,Reverse_Holofoil,Common,USD,US,1.89,1.89,1.89,38.0,1.89,1.7285714,1.7268751,1.89,1.89,1.89,0.22,0.19,0.29,3746.0,0.22,0.22142857,0.21064515,,,,2026-05-25T21:28:58.987Z,https://cdn.poketrace.com/cards/55dfbb6c1867672a.webp,139.0,8.92
Tentacool,019c3ac3-ec71-70da-b908-f38ecad81afd,072/165,SV: Scarlet & Violet 151,sv-scarlet-and-violet-151,Normal,Common,USD,US,1.99,1.99,1.99,17.0,1.98,2.1566668,2.1566668,1.99,1.99,1.99,0.07,0.1,0.25,4291.0,0.06,0.05142857,0.06612903,,,,2026-05-25T21:28:58.987Z,https://cdn.poketrace.com/cards/55dfbb6c1867672a.webp,139.0,8.92
Tentacruel,019bffaa-1a47-7762-8bb4-b39f0e6cd38f,073/165,SV: Scarlet & Violet 151,sv-scarlet-and-violet-151,Reverse_Holofoil,Uncommon,USD,US,1.7,1.7,1.7,39.0,1.66,1.7742857,1.81375,1.7,1.66,1.69,0.26,0.24,0.3,3879.0,0.26,0.30714285,0.26580647,,,,2026-05-25T21:28:58.987Z,https://cdn.poketrace.com/cards/c77ec476114888bf.webp,78.0,49.18
Tentacruel,019c3ac3-ec71-70da-b908-f576a9e56875,073/165,SV: Scarlet & Violet 151,sv-scarlet-and-violet-151,Normal,Uncommon,USD,US,1.69,1.69,1.69,27.0,1.0,1.432,1.432,1.69,1.69,1.69,0.24,0.15,0.56,1536.0,0.21,0.18857142,0.18580645,,,,2026-05-25T21:28:58.987Z,https://cdn.poketrace.com/cards/c77ec476114888bf.webp,78.0,49.18
Geodude,019bffaa-1a47-7762-8bb4-b7413b9b78b0,074/165,SV: Scarlet & Violet 151,sv-scarlet-and-violet-151,Reverse_Holofoil,Common,USD,US,0.99,0.99,0.99,42.0,1.625,1.4025,1.4025,1.5,1.29,1.39,0.24,0.29,0.29,3696.0,0.24,0.25,0.22548386,,,,2026-05-25T21:28:58.987Z,https://cdn.poketrace.com/cards/c78588dd95167caf.webp,103.0,32.68
Geodude,019c3ac3-ec71-70da-b908-fbd0f5ce1f95,074/165,SV: Scarlet & Violet 151,sv-scarlet-and-violet-151,Normal,Common,USD,US,1.24,1.24,1.24,21.0,1.97,1.605,1.605,1.605,1.605,1.605,0.06,0.06,0.06,4304.0,0.06,0.06,0.09,,,,2026-05-25T21:28:58.987Z,https://cdn.poketrace.com/cards/c78588dd95167caf.webp,103.0,32.68
Graveler,019bffaa-1a47-7762-8bb4-bca0b227443c,075/165,SV: Scarlet & Violet 151,sv-scarlet-and-violet-151,Reverse_Holofoil,Uncommon,USD,US,2.005,1.82,2.19,37.0,1.18,1.773,1.773,2.005,1.82,1.82,0.23,0.1,0.4,3774.0,0.26,0.26,0.24709678,,,,2026-05-25T21:28:58.987Z,https://cdn.poketrace.com/cards/605f9c9d471bf6b0.webp,121.0,20.8
Graveler,019c3ac3-ec71-70da-b909-020175834ede,075/165,SV: Scarlet & Violet 151,sv-scarlet-and-violet-151,Normal,Uncommon,USD,US,6.0,6.0,6.0,21.0,1.46,2.81,2.81,6.0,6.0,1.89,0.21,0.25,0.25,1246.0,0.2,0.17,0.16258064,,,,2026-05-25T21:28:58.987Z,https://cdn.poketrace.com/cards/605f9c9d471bf6b0.webp,121.0,20.8
Golem,019bffaa-1a47-7762-8bb4-c67010798c49,076/165,SV: Scarlet & Violet 151,sv-scarlet-and-violet-151,Holofoil,Double Rare,USD,US,2.0,2.0,2.0,265.0,2.67,2.2171428,2.438421,2.0,1.995,2.29,1.34,0.7,2.2,11892.0,1.25,1.2414286,1.2590322,,,,2026-05-25T21:28:58.987Z,https://cdn.poketrace.com/cards/32642aac0010aabf.webp,45.0,70.96
Golem,019bffab-58b9-77cf-912b-581a5227d3d0,189/165,SV: Scarlet & Violet 151,sv-scarlet-and-violet-151,Holofoil,Ultra Rare,USD,US,6.99,6.99,6.99,333.0,7.92,7.6457143,7.784583,7.57,7.745,7.92,8.42,7.62,8.0,5670.0,8.35,7.607143,8.26,,,,2026-05-25T21:28:58.987Z,https://cdn.poketrace.com/cards/d8bc8351af8fded3.webp,45.0,70.96
Ponyta,019bffaa-1a47-7762-8bb4-ed2afe75203b,077/165,SV: Scarlet & Violet 151,sv-scarlet-and-violet-151,Reverse_Holofoil,Common,USD,US,1.46,1.46,1.46,17.0,1.98,1.72,1.72,1.46,1.46,1.72,0.25,0.29,0.29,4131.0,0.24,0.2857143,0.25,,,,2026-05-25T21:28:58.987Z,https://cdn.poketrace.com/cards/17848f371b364e28.webp,77.0,49.84
Ponyta,019c3ac3-ec71-70da-b909-1a6963fc4dff,077/165,SV: Scarlet & Violet 151,sv-scarlet-and-violet-151,Normal,Common,USD,US,1.0,1.0,1.0,10.0,1.99,1.495,1.495,1.0,1.0,1.495,0.18,0.25,0.25,1660.0,0.17,0.12571429,0.13193548,,,,2026-05-25T21:28:58.987Z,https://cdn.poketrace.com/cards/17848f371b364e28.webp,77.0,49.84
Rapidash,019bffaa-1a47-7762-8bb4-f19e94be2690,078/165,SV: Scarlet & Violet 151,sv-scarlet-and-violet-151,Reverse_Holofoil,Uncommon,USD,US,1.99,1.99,1.99,43.0,2.29,2.107143,1.9535,2.1,2.195,1.99,0.25,0.26,0.29,3894.0,0.25,0.2557143,0.2735484,,,,2026-05-25T21:28:58.987Z,https://cdn.poketrace.com/cards/026f12b23a87b6c4.webp,36.0,76.9
Rapidash,019c3ac3-ec71-70da-b909-1d63c96baa9e,078/165,SV: Scarlet & Violet 151,sv-scarlet-and-violet-151,Normal,Uncommon,USD,US,1.445,1.0,1.89,33.0,0.99,1.6416667,1.6416667,1.445,1.445,1.89,0.16,0.16,0.16,3607.0,0.16,0.15142857,0.15387097,,,,2026-05-25T21:28:58.987Z,https://cdn.poketrace.com/cards/026f12b23a87b6c4.webp,36.0,76.9
Slowpoke,019bffaa-1a47-7762-8bb5-02eeee6453ac,079/165,SV: Scarlet & Violet 151,sv-scarlet-and-violet-151,Reverse_Holofoil,Common,USD,US,2.39,1.79,2.99,73.0,2.49,2.0407143,1.9790909,2.49,2.72,1.79,0.39,0.34,0.65,6385.0,0.37,0.39714286,0.34903225,,,,2026-05-25T21:28:58.987Z,https://cdn.poketrace.com/cards/91b0adc808ce8cae.webp,108.0,29.38
Slowpoke,019c3ac3-ec71-70da-b909-2a0f904023de,079/165,SV: Scarlet & Violet 151,sv-scarlet-and-violet-151,Normal,Common,USD,US,1.79,1.79,1.79,52.0,1.98,1.7271428,1.8138889,1.885,1.885,1.79,0.23,0.01,0.25,3941.0,0.22,0.16285715,0.17225806,,,,2026-05-25T21:28:58.987Z,https://cdn.poketrace.com/cards/91b0adc808ce8cae.webp,108.0,29.38
Slowpoke,019bffab-58b9-77cf-912c-f2c9e73ab5c6,,SV: Scarlet & Violet 151,sv-scarlet-and-violet-151,Normal,,USD,US,,,,,,,,,,,,,,,,,,,,,2026-05-25T21:28:58.987Z,https://cdn.poketrace.com/cards/1eccf1830531e379.webp,108.0,29.38
Slowbro,019bffaa-1a47-7762-8bb5-068f307d130a,080/165,SV: Scarlet & Violet 151,sv-scarlet-and-violet-151,Reverse_Holofoil,Uncommon,USD,US,1.89,1.79,1.99,67.0,1.02,1.9892857,1.9996154,1.79,1.99,1.99,0.32,0.29,0.45,4778.0,0.32,0.34857142,0.32709676,,,,2026-05-25T21:28:58.987Z,https://cdn.poketrace.com/cards/771bdd42584705be.webp,63.0,59.08
Slowbro,019c3ac3-ec71-70da-b909-2f7e93d525c7,080/165,SV: Scarlet & Violet 151,sv-scarlet-and-violet-151,Normal,Uncommon,USD,US,2.99,2.99,2.99,39.0,1.79,2.39,2.39,2.99,2.99,2.99,0.11,0.16,0.25,4833.0,0.11,0.108571425,0.14709677,,,,2026-05-25T21:28:58.987Z,https://cdn.poketrace.com/cards/771bdd42584705be.webp,63.0,59.08
Magnemite,019bffaa-1a47-7762-8bb4-faea2ef62dfa,081/165,SV: Scarlet & Violet 151,sv-scarlet-and-violet-151,Reverse_Holofoil,Common,USD,US,1.69,1.69,1.69,27.0,1.78,1.6999999,1.6999999,1.69,1.69,1.675,0.32,0.29,0.47,4503.0,0.32,0.31142858,0.28451613,,,,2026-05-25T21:28:58.987Z,https://cdn.poketrace.com/cards/b72314ed08382e3e.webp,127.0,16.84
Magnemite,019c3ac3-ec71-70da-b909-20836f74eafd,081/165,SV: Scarlet & Violet 151,sv-scarlet-and-violet-151,Normal,Common,USD,US,1.99,1.99,1.99,15.0,2.24,2.115,2.115,1.99,1.99,2.115,0.17,0.15,0.25,7092.0,0.18,0.15857142,0.14387096,,,,2026-05-25T21:28:58.987Z,https://cdn.poketrace.com/cards/b72314ed08382e3e.webp,127.0,16.84
Magnemite,019bffab-58b9-77cf-912c-d4751a196902,,SV: Scarlet & Violet 151,sv-scarlet-and-violet-151,Normal,,USD,US,,,,,,,,,,,,,,,,,,,,,2026-05-25T21:28:58.987Z,https://cdn.poketrace.com/cards/7ed281bff3184cca.webp,127.0,16.84
Magneton,019bffaa-1a47-7762-8bb4-feda335497dc,082/165,SV: Scarlet & Violet 151,sv-scarlet-and-violet-151,Reverse_Holofoil,Uncommon,USD,US,0.99,0.99,0.99,25.0,1.45,1.832,1.832,0.99,0.99,1.45,0.3,0.28,0.41,4462.0,0.3,0.33571428,0.3016129,,,,2026-05-25T21:28:58.987Z,https://cdn.poketrace.com/cards/eff66d32d98ec20a.webp,86.0,43.9
Magneton,019c3ac3-ec71-70da-b909-245f198b9382,082/165,SV: Scarlet & Violet 151,sv-scarlet-and-violet-151,Normal,Uncommon,USD,US,1.98,1.98,1.98,12.0,2.2,1.7925,1.7925,1.98,1.98,1.985,0.2,0.15,0.21,5486.0,0.2,0.18714286,0.17935483,,,,2026-05-25T21:28:58.987Z,https://cdn.poketrace.com/cards/eff66d32d98ec20a.webp,86.0,43.9
Magneton,019bffab-58b9-77cf-912c-e5432028d157,,SV: Scarlet & Violet 151,sv-scarlet-and-violet-151,Normal,,USD,US,,,,,,,,,,,,,,,,,,,,,2026-05-25T21:28:58.987Z,https://cdn.poketrace.com/cards/a8faaf3aec2ab1c5.webp,86.0,43.9
Farfetch'd,019bffaa-1a47-7762-8bb5-09e50045f83d,083/165,SV: Scarlet & Violet 151,sv-scarlet-and-violet-151,Reverse_Holofoil,Common,USD,US,1.99,1.99,1.99,40.0,1.99,1.8378571,1.9272727,1.99,1.99,1.745,0.22,0.18,0.4,3602.0,0.21,0.21857142,0.1948387,,,,2026-05-25T21:28:58.987Z,https://cdn.poketrace.com/cards/21a92e150ca2c37e.webp,99.0,35.32
Farfetch'd,019c3ac3-ec71-70da-b909-33b2a2c16018,083/165,SV: Scarlet & Violet 151,sv-scarlet-and-violet-151,Normal,Common,USD,US,2.89,2.89,2.89,27.0,1.95,1.784,1.784,2.89,2.42,1.95,0.11,0.15,0.4,4066.0,0.1,0.07714286,0.07548387,,,,2026-05-25T21:28:58.987Z,https://cdn.poketrace.com/cards/21a92e150ca2c37e.webp,99.0,35.32
Doduo,019bffaa-1a47-7762-8bb5-0e178353c80d,084/165,SV: Scarlet & Violet 151,sv-scarlet-and-violet-151,Reverse_Holofoil,Common,USD,US,1.49,1.49,1.49,37.0,1.46,1.422,1.422,1.49,1.475,1.46,0.28,0.29,0.29,3960.0,0.27,0.27,0.25193548,,,,2026-05-25T21:28:58.987Z,https://cdn.poketrace.com/cards/bea90c7618570cd8.webp,137.0,10.24
Doduo,019c3ac3-ec71-70da-b909-36fb338c1b91,084/165,SV: Scarlet & Violet 151,sv-scarlet-and-violet-151,Normal,Common,USD,US,1.69,1.69,1.69,18.0,1.0,1.295,1.295,1.69,1.69,1.245,0.08,0.01,0.34,1536.0,0.06,0.08571429,0.10193548,,,,2026-05-25T21:28:58.987Z,https://cdn.poketrace.com/cards/bea90c7618570cd8.webp,137.0,10.24
Dodrio,019bffaa-1a47-7762-8bb5-11a734e97dee,085/165,SV: Scarlet & Violet 151,sv-scarlet-and-violet-151,Reverse_Holofoil,Rare,USD,US,3.25,3.25,3.25,99.0,1.99,2.09,2.4318182,2.62,1.985,1.99,1.26,2.25,2.25,5248.0,1.19,1.1657143,1.1777419,,,,2026-05-25T21:28:58.987Z,https://cdn.poketrace.com/cards/f67ee2a5b2410ff2.webp,106.0,30.7
Dodrio,019c3ac3-ec71-70da-b909-3824bb156daa,085/165,SV: Scarlet & Violet 151,sv-scarlet-and-violet-151,Holofoil,Rare,USD,US,1.5,1.5,1.5,96.0,,,,1.39,1.445,1.475,0.28,0.22,0.22,7511.0,0.27,0.26857144,0.24709678,,,,2026-05-25T21:28:58.987Z,https://cdn.poketrace.com/cards/f67ee2a5b2410ff2.webp,106.0,30.7
Seel,019bffaa-1a47-7762-8bb5-14236207d5a3,086/165,SV: Scarlet & Violet 151,sv-scarlet-and-violet-151,Reverse_Holofoil,Common,USD,US,0.99,0.99,0.99,50.0,1.66,1.4671428,1.4671428,1.66,1.66,1.33,0.28,0.26,0.47,1520.0,0.27,0.27714285,0.26387095,,,,2026-05-25T21:28:58.987Z,https://cdn.poketrace.com/cards/9a90a74386bd086e.webp,123.0,19.48
Seel,019c3ac3-ec71-70da-b909-3dbb31acf692,086/165,SV: Scarlet & Violet 151,sv-scarlet-and-violet-151,Normal,Common,USD,US,1.59,1.59,1.59,21.0,0.92,1.0600001,1.0600001,0.92,0.92,1.0,0.16,0.07,0.4,1296.0,0.15,0.117142856,0.10483871,,,,2026-05-25T21:28:58.987Z,https://cdn.poketrace.com/cards/9a90a74386bd086e.webp,123.0,19.48
Dewgong,019bffaa-1a47-7762-8bb5-18746ac57e17,087/165,SV: Scarlet & Violet 151,sv-scarlet-and-violet-151,Reverse_Holofoil,Uncommon,USD,US,1.66,1.66,1.66,39.0,2.25,1.7171428,1.678125,1.66,1.575,1.575,0.26,0.25,0.29,4019.0,0.29,0.26857144,0.24387097,,,,2026-05-25T21:28:58.987Z,https://cdn.poketrace.com/cards/d898d0b621d27f4b.webp,70.0,54.46
Dewgong,019c3ac3-ec71-70da-b909-42617fd3d6d9,087/165,SV: Scarlet & Violet 151,sv-scarlet-and-violet-151,Normal,Uncommon,USD,US,1.99,1.99,1.99,29.0,,,,1.99,1.99,1.985,0.13,0.03,0.03,3833.0,0.13,0.11285714,0.1335484,,,,2026-05-25T21:28:58.987Z,https://cdn.poketrace.com/cards/d898d0b621d27f4b.webp,70.0,54.46
Grimer,019bffaa-1a47-7762-8bb5-1f82823303d5,088/165,SV: Scarlet & Violet 151,sv-scarlet-and-violet-151,Reverse_Holofoil,Common,USD,US,2.29,2.29,2.29,41.0,0.99,2.2685714,2.2685714,1.64,1.115,1.49,0.25,0.22,0.29,1457.0,0.25,0.25142857,0.21870968,,,,2026-05-25T21:28:58.987Z,https://cdn.poketrace.com/cards/50981155cb4d9db6.webp,131.0,14.2
Grimer,019c3ac3-ec71-70da-b909-445bf80f9525,088/165,SV: Scarlet & Violet 151,sv-scarlet-and-violet-151,Normal,Common,USD,US,1.98,1.98,1.98,24.0,1.74,1.5749999,1.5749999,1.98,1.98,1.74,0.06,0.06,0.06,1439.0,0.06,0.06,0.06645162,,,,2026-05-25T21:28:58.987Z,https://cdn.poketrace.com/cards/50981155cb4d9db6.webp,131.0,14.2
Muk,019d5568-cde4-742e-87ae-8301bf0fee5b,089/165,SV: Scarlet & Violet 151,sv-scarlet-and-violet-151,Reverse_Holofoil,Uncommon,USD,US,1.89,1.89,1.89,34.0,1.39,2.0792856,2.066875,1.89,1.39,2.0,0.27,0.28,0.29,627.0,0.27,0.28,0.27,,,,2026-05-25T21:28:58.987Z,https://cdn.poketrace.com/cards/f3d881f6f230d2e2.webp,68.0,55.78
Muk,019d5568-cde4-742e-87ae-8608956f0309,089/165,SV: Scarlet & Violet 151,sv-scarlet-and-violet-151,Normal,Uncommon,USD,US,3.62,3.62,3.62,24.0,14.99,4.197857,4.197857,9.305,9.305,2.095,0.18,0.17,0.25,744.0,0.17,0.16714285,0.15741935,,,,2026-05-25T21:28:58.987Z,https://cdn.poketrace.com/cards/f3d881f6f230d2e2.webp,68.0,55.78
Shellder,019bffaa-1a47-7762-8bb5-201e5a647d0a,090/165,SV: Scarlet & Violet 151,sv-scarlet-and-violet-151,Reverse_Holofoil,Common,USD,US,0.99,0.99,0.99,34.0,1.66,1.4316666,1.4316666,1.325,1.66,1.56,0.25,0.1,0.29,3370.0,0.28,0.27,0.2467742,,,,2026-05-25T21:28:58.987Z,https://cdn.poketrace.com/cards/50ea0e80d96173ff.webp,126.0,17.5
Shellder,019c3ac3-ec71-70da-b909-48686b46b6f1,090/165,SV: Scarlet & Violet 151,sv-scarlet-and-violet-151,Normal,Common,USD,US,1.99,1.99,1.99,19.0,9.79,5.89,5.89,1.99,1.99,5.89,0.11,0.01,0.25,2380.0,0.11,0.10714286,0.10741936,,,,2026-05-25T21:28:58.987Z,https://cdn.poketrace.com/cards/50ea0e80d96173ff.webp,126.0,17.5
Cloyster,019bffaa-1a47-7762-8bb5-246bc579d027,091/165,SV: Scarlet & Violet 151,sv-scarlet-and-violet-151,Reverse_Holofoil,Uncommon,USD,US,1.5,1.5,1.5,42.0,2.27,1.8328571,1.79,2.25,1.875,1.82,0.25,0.21,0.29,3900.0,0.25,0.24428572,0.26419353,,,,2026-05-25T21:28:58.987Z,https://cdn.poketrace.com/cards/b707a4596d671f66.webp,57.0,63.04
Cloyster,019c3ac3-ec71-70da-b909-4e2389d83c0a,091/165,SV: Scarlet & Violet 151,sv-scarlet-and-violet-151,Normal,Uncommon,USD,US,1.99,1.99,1.99,25.0,,,,1.99,1.99,1.99,0.11,0.02,0.02,4347.0,0.11,0.12142857,0.13451613,,,,2026-05-25T21:28:58.987Z,https://cdn.poketrace.com/cards/b707a4596d671f66.webp,57.0,63.04
Gastly,019bffaa-1a47-7762-8bb5-2b7180c59a29,092/165,SV: Scarlet & Violet 151,sv-scarlet-and-violet-151,Reverse_Holofoil,Common,USD,US,2.0,1.75,2.25,50.0,2.49,1.9835714,1.9455,2.25,2.0,1.98,0.33,0.3,0.36,4681.0,0.33,0.32857144,0.33774194,,,,2026-05-25T21:28:58.987Z,https://cdn.poketrace.com/cards/83ba25a27a2f16d6.webp,55.0,64.36
Gastly,019c3ac3-ec71-70da-b909-50059271aea4,092/165,SV: Scarlet & Violet 151,sv-scarlet-and-violet-151,Normal,Common,USD,US,1.79,1.79,1.79,24.0,1.99,1.6925,1.6925,1.79,1.79,1.89,0.23,0.08,0.15,2614.0,0.23,0.20142858,0.19290322,,,,2026-05-25T21:28:58.987Z,https://cdn.poketrace.com/cards/83ba25a27a2f16d6.webp,55.0,64.36
Haunter,019bffaa-1a47-7762-8bb5-2dc698085f3a,093/165,SV: Scarlet & Violet 151,sv-scarlet-and-violet-151,Reverse_Holofoil,Uncommon,USD,US,2.34,1.99,2.69,127.0,2.84,2.1242857,2.3075,2.32,1.99,1.99,0.4,0.35,0.52,8002.0,0.41,0.40857142,0.42548388,,,,2026-05-25T21:28:58.987Z,https://cdn.poketrace.com/cards/9ffb5ecf64151b83.webp,25.0,84.16
Haunter,019c3ac3-ec71-70da-b909-56cb9f7ddc44,093/165,SV: Scarlet & Violet 151,sv-scarlet-and-violet-151,Normal,Uncommon,USD,US,2.69,2.69,2.69,79.0,1.94,1.8157144,1.845,1.99,1.89,1.93,0.22,0.08,0.25,8220.0,0.23,0.21285714,0.22096774,,,,2026-05-25T21:28:58.987Z,https://cdn.poketrace.com/cards/9ffb5ecf64151b83.webp,25.0,84.16
Gengar,019bffaa-1a47-7762-8bb5-338df2cf858e,094/165,SV: Scarlet & Violet 151,sv-scarlet-and-violet-151,Reverse_Holofoil,Rare,USD,US,14.0,14.0,14.0,86.0,11.0,11.179286,10.624687,11.0,10.995,10.5,8.22,8.0,9.94,8691.0,8.21,8.6828575,8.755161,,,,2026-05-22T21:17:01.786Z,https://cdn.poketrace.com/cards/a6e0dab6405e08d1.webp,1.0,100.0
Gengar,019c3ac3-ec71-70da-b909-5bca59ddae57,094/165,SV: Scarlet & Violet 151,sv-scarlet-and-violet-151,Holofoil,Rare,USD,US,3.115,3.0,3.23,136.0,3.95,4.635714,4.849815,3.97,4.49,4.99,2.89,1.49,6.99,30012.0,2.84,2.8885715,2.8067741,,,,2026-05-22T21:17:01.786Z,https://cdn.poketrace.com/cards/a6e0dab6405e08d1.webp,1.0,100.0
Gengar,019bffab-58b9-77cf-912c-da55d57d30e6,,SV: Scarlet & Violet 151,sv-scarlet-and-violet-151,Normal,,USD,US,,,,,,,,,,,,,,,,,,,,,2026-05-25T21:28:58.987Z,https://cdn.poketrace.com/cards/568d05f18b3f9185.webp,1.0,100.0
Onix,019bffaa-1a47-7762-8bb5-3794e660fdbf,095/165,SV: Scarlet & Violet 151,sv-scarlet-and-violet-151,Reverse_Holofoil,Uncommon,USD,US,1.69,1.69,1.69,89.0,3.0,2.2957144,2.5127778,1.69,1.69,2.455,1.91,1.15,2.91,4668.0,1.96,1.9228572,1.8103225,,,,2026-05-25T21:28:58.987Z,https://cdn.poketrace.com/cards/f9879bb3abbe5ccf.webp,44.0,71.62
Onix,019c3ac3-ec71-70da-b909-5c6d4668e908,095/165,SV: Scarlet & Violet 151,sv-scarlet-and-violet-151,Normal,Uncommon,USD,US,1.24,1.24,1.24,56.0,2.55,1.895,1.895,1.24,1.24,1.24,0.09,0.09,0.09,1411.0,0.1,0.095714286,0.12451613,,,,2026-05-25T21:28:58.987Z,https://cdn.poketrace.com/cards/f9879bb3abbe5ccf.webp,44.0,71.62
Drowzee,019bffaa-1a47-7762-8bb5-39cc004d8656,096/165,SV: Scarlet & Violet 151,sv-scarlet-and-violet-151,Reverse_Holofoil,Common,USD,US,1.29,1.29,1.29,46.0,0.99,1.5407143,1.5294445,1.29,1.375,1.7,0.26,0.25,0.29,3587.0,0.25,0.26857144,0.2467742,,,,2026-05-25T21:28:58.987Z,https://cdn.poketrace.com/cards/028f9f586e15effd.webp,138.0,9.58
Drowzee,019c3ac3-ec71-70da-b909-6161ce66c639,096/165,SV: Scarlet & Violet 151,sv-scarlet-and-violet-151,Normal,Common,USD,US,1.79,1.79,1.79,19.0,1.0,1.2633333,1.2633333,1.79,1.79,1.0,0.07,0.01,0.25,4860.0,0.07,0.06714286,0.09548387,,,,2026-05-25T21:28:58.987Z,https://cdn.poketrace.com/cards/028f9f586e15effd.webp,138.0,9.58
Hypno,019bffaa-1a47-7762-8bb5-3cce240b9d17,097/165,SV: Scarlet & Violet 151,sv-scarlet-and-violet-151,Reverse_Holofoil,Uncommon,USD,US,1.98,1.98,1.98,92.0,2.59,2.862857,2.7722223,2.19,2.42,2.65,2.18,1.81,3.13,4893.0,2.13,2.0328572,1.9135484,,,,2026-05-25T21:28:58.987Z,https://cdn.poketrace.com/cards/f9c608c9fb7ce79f.webp,102.0,33.34
Hypno,019c3ac3-ec71-70da-b909-66eb24ae4178,097/165,SV: Scarlet & Violet 151,sv-scarlet-and-violet-151,Normal,Uncommon,USD,US,1.99,1.99,1.99,54.0,2.49,1.89,1.89,2.24,2.24,1.99,0.13,0.13,0.13,3898.0,0.13,0.10428572,0.13322581,,,,2026-05-25T21:28:58.987Z,https://cdn.poketrace.com/cards/f9c608c9fb7ce79f.webp,102.0,33.34
Krabby,019bffaa-1a47-7762-8bb5-422a5186e0a9,098/165,SV: Scarlet & Violet 151,sv-scarlet-and-violet-151,Reverse_Holofoil,Common,USD,US,1.82,1.82,1.82,36.0,1.98,1.672,1.672,1.9,1.82,1.785,0.31,0.29,0.29,3658.0,0.31,0.3014286,0.25,,,,2026-05-25T21:28:58.987Z,https://cdn.poketrace.com/cards/8b1778a6058a2d7d.webp,111.0,27.4
Krabby,019c3ac3-ec71-70da-b909-6b300db0f126,098/165,SV: Scarlet & Violet 151,sv-scarlet-and-violet-151,Normal,Common,USD,US,1.99,1.99,1.99,19.0,1.98,1.74,1.74,1.99,1.99,1.98,0.15,0.25,0.25,4157.0,0.14,0.117142856,0.12741935,,,,2026-05-25T21:28:58.987Z,https://cdn.poketrace.com/cards/8b1778a6058a2d7d.webp,111.0,27.4
Kingler,019bffaa-1a47-7762-8bb5-46436687e85d,099/165,SV: Scarlet & Violet 151,sv-scarlet-and-violet-151,Reverse_Holofoil,Uncommon,USD,US,1.8,1.8,1.8,88.0,2.18,1.97,2.1275,1.99,1.99,1.995,1.64,1.46,2.68,4756.0,1.59,1.6942858,1.6490322,,,,2026-05-25T21:28:58.987Z,https://cdn.poketrace.com/cards/0122070577658f3e.webp,67.0,56.44
Kingler,019c3ac3-ec71-70da-b909-6e8b2a510f58,099/165,SV: Scarlet & Violet 151,sv-scarlet-and-violet-151,Normal,Uncommon,USD,US,4.16,1.51,6.81,56.0,1.25,2.236,2.236,4.16,4.16,1.89,0.16,0.02,0.02,4190.0,0.17,0.13,0.13548388,,,,2026-05-25T21:28:58.987Z,https://cdn.poketrace.com/cards/0122070577658f3e.webp,67.0,56.44
Voltorb,019bffaa-1a47-7762-8bb5-4b52c5a6aa59,100/165,SV: Scarlet & Violet 151,sv-scarlet-and-violet-151,Reverse_Holofoil,Common,USD,US,0.99,0.99,0.99,23.0,1.46,1.4466667,1.4466667,0.99,0.99,1.46,0.21,0.18,0.29,3677.0,0.23,0.21857142,0.18387097,,,,2026-05-25T21:28:58.987Z,https://cdn.poketrace.com/cards/00f63a4201b00c24.webp,134.0,12.22
Voltorb,019c3ac3-ec71-70da-b909-7138ca47e95f,100/165,SV: Scarlet & Violet 151,sv-scarlet-and-violet-151,Normal,Common,USD,US,1.98,1.98,1.98,16.0,,,,1.98,1.98,1.98,0.06,0.01,0.01,4404.0,0.07,0.06428572,0.06580645,,,,2026-05-25T21:28:58.987Z,https://cdn.poketrace.com/cards/00f63a4201b00c24.webp,134.0,12.22
Electrode,019bffaa-1a47-7762-8bb5-4e5834679cba,101/165,SV: Scarlet & Violet 151,sv-scarlet-and-violet-151,Reverse_Holofoil,Rare,USD,US,1.98,1.98,1.98,42.0,2.99,2.3542857,2.3542857,1.98,2.99,2.77,2.58,2.56,3.93,4716.0,2.48,2.5371428,2.3390322,,,,2026-05-25T21:28:58.987Z,https://cdn.poketrace.com/cards/fca269a7ccdb2fc8.webp,133.0,12.88
Electrode,019c3ac3-ec71-70da-b909-74ec8b57cc6b,101/165,SV: Scarlet & Violet 151,sv-scarlet-and-violet-151,Holofoil,Rare,USD,US,1.27,1.27,1.27,31.0,1.0,1.2533333,1.2533333,1.27,1.27,1.38,0.25,0.19,0.2,6450.0,0.26,0.26285714,0.24806452,,,,2026-05-25T21:28:58.987Z,https://cdn.poketrace.com/cards/fca269a7ccdb2fc8.webp,133.0,12.88
Exeggcute,019bffaa-1a47-7762-8bb5-514c5bde8a0a,102/165,SV: Scarlet & Violet 151,sv-scarlet-and-violet-151,Reverse_Holofoil,Common,USD,US,1.46,1.46,1.46,22.0,1.89,1.6750001,1.6750001,1.46,1.46,1.675,0.23,0.2,0.29,3563.0,0.26,0.2657143,0.23419355,,,,2026-05-25T21:28:58.987Z,https://cdn.poketrace.com/cards/0eeff5fc7127e1b0.webp,144.0,5.62
Exeggcute,019c3ac3-ec71-70da-b909-79317740db3a,102/165,SV: Scarlet & Violet 151,sv-scarlet-and-violet-151,Normal,Common,USD,US,1.98,1.98,1.98,18.0,1.99,1.985,1.985,1.98,1.98,1.985,0.1,0.01,0.25,4202.0,0.09,0.08,0.090967745,,,,2026-05-25T21:28:58.987Z,https://cdn.poketrace.com/cards/0eeff5fc7127e1b0.webp,144.0,5.62
Exeggcute,019bffaa-1a47-7762-8bb5-57e14f567536,103/165,SV: Scarlet & Violet 151,sv-scarlet-and-violet-151,Reverse_Holofoil,Uncommon,USD,US,1.49,1.49,1.49,74.0,1.42,1.9157143,2.1158333,1.46,1.46,2.0,1.56,2.79,2.79,4679.0,1.56,1.5385715,1.682258,,,,2026-05-25T21:28:58.987Z,https://cdn.poketrace.com/cards/d15786bf9ad034de.webp,144.0,5.62
Exeggcute,019c3ac3-ec71-70da-b909-7da1c5451ab1,103/165,SV: Scarlet & Violet 151,sv-scarlet-and-violet-151,Normal,Uncommon,USD,US,2.69,2.69,2.69,45.0,1.7,2.27,2.27,2.69,2.195,2.34,0.17,0.02,0.15,3660.0,0.18,0.14428571,0.15387097,,,,2026-05-25T21:28:58.987Z,https://cdn.poketrace.com/cards/d15786bf9ad034de.webp,144.0,5.62
Exeggutor,019bffaa-1a47-7762-8bb5-57e14f567536,103/165,SV: Scarlet & Violet 151,sv-scarlet-and-violet-151,Reverse_Holofoil,Uncommon,USD,US,1.49,1.49,1.49,74.0,1.42,1.9157143,2.1158333,1.46,1.46,2.0,1.56,2.79,2.79,4679.0,1.56,1.5385715,1.682258,,,,2026-05-25T21:28:58.987Z,https://cdn.poketrace.com/cards/d15786bf9ad034de.webp,94.0,38.62
Exeggutor,019c3ac3-ec71-70da-b909-7da1c5451ab1,103/165,SV: Scarlet & Violet 151,sv-scarlet-and-violet-151,Normal,Uncommon,USD,US,2.69,2.69,2.69,45.0,1.7,2.27,2.27,2.69,2.195,2.34,0.17,0.02,0.15,3660.0,0.18,0.14428571,0.15387097,,,,2026-05-25T21:28:58.987Z,https://cdn.poketrace.com/cards/d15786bf9ad034de.webp,94.0,38.62
Cubone,019bffaa-1a47-7762-8bb5-5a540df1c8c2,104/165,SV: Scarlet & Violet 151,sv-scarlet-and-violet-151,Reverse_Holofoil,Common,USD,US,2.17,2.17,2.17,89.0,1.37,1.5471429,1.599,1.395,1.5,1.5,0.3,0.15,0.36,5250.0,0.32,0.3257143,0.3035484,,,,2026-05-25T21:28:58.987Z,https://cdn.poketrace.com/cards/52d216d0db1d931d.webp,32.0,79.54
Cubone,019c3ac3-ec71-70da-b909-80b23ff19d5f,104/165,SV: Scarlet & Violet 151,sv-scarlet-and-violet-151,Normal,Common,USD,US,1.355,0.72,1.99,57.0,0.92,1.2428571,1.6236364,0.92,1.085,1.49,0.2,0.01,0.41,2648.0,0.19,0.14,0.15709677,,,,2026-05-25T21:28:58.987Z,https://cdn.poketrace.com/cards/52d216d0db1d931d.webp,32.0,79.54
Cubone,019bffab-58b9-77cf-912c-e16586a24924,,SV: Scarlet & Violet 151,sv-scarlet-and-violet-151,Normal,,USD,US,,,,,,,,,,,,,,,,,,,,,2026-05-25T21:28:58.987Z,https://cdn.poketrace.com/cards/f6962a0dacc93777.webp,32.0,79.54
Marowak,019bffaa-1a47-7762-8bb5-5f6cfef304b7,105/165,SV: Scarlet & Violet 151,sv-scarlet-and-violet-151,Reverse_Holofoil,Rare,USD,US,2.49,2.49,2.49,90.0,1.49,2.155,2.155,2.49,2.49,2.24,0.95,1.45,1.45,5269.0,0.93,0.95,0.9025806,,,,2026-05-25T21:28:58.987Z,https://cdn.poketrace.com/cards/fabce11d84debcbc.webp,41.0,73.6
Marowak,019c3ac3-ec71-70da-b909-866a4d840ec9,105/165,SV: Scarlet & Violet 151,sv-scarlet-and-violet-151,Holofoil,Rare,USD,US,1.66,1.66,1.66,76.0,1.66,1.6678572,1.6678572,1.66,1.66,1.66,0.31,0.3,0.4,2645.0,0.3,0.28142858,0.25935483,,,,2026-05-25T21:28:58.987Z,https://cdn.poketrace.com/cards/fabce11d84debcbc.webp,41.0,73.6
Hitmonlee,019bffaa-1a47-7762-8bb5-60878b3389ee,106/165,SV: Scarlet & Violet 151,sv-scarlet-and-violet-151,Reverse_Holofoil,Uncommon,USD,US,2.54,1.12,3.96,80.0,4.75,3.5192857,3.175,3.415,2.16,2.49,1.85,1.76,3.32,5052.0,1.88,1.9628571,1.9116129,,,,2026-05-25T21:28:58.987Z,https://cdn.poketrace.com/cards/8fa4ceecef7e0d5d.webp,60.0,61.06
Hitmonlee,019c3ac3-ec71-70da-b909-8a956b48e66f,106/165,SV: Scarlet & Violet 151,sv-scarlet-and-violet-151,Normal,Uncommon,USD,US,0.99,0.99,0.99,49.0,2.49,1.8233334,1.8233334,1.74,1.74,1.99,0.28,0.15,0.15,1518.0,0.28,0.22571428,0.20838709,,,,2026-05-25T21:28:58.987Z,https://cdn.poketrace.com/cards/8fa4ceecef7e0d5d.webp,60.0,61.06
Hitmonlee,019bffab-58b9-77cf-912c-df01bb94d795,,SV: Scarlet & Violet 151,sv-scarlet-and-violet-151,Normal,,USD,US,,,,,,,,,,,,,,,,,,,,,2026-05-25T21:28:58.987Z,https://cdn.poketrace.com/cards/88e698ceba599b15.webp,60.0,61.06
Hitmonchan,019bffaa-1a47-7762-8bb5-6741867d37e1,107/165,SV: Scarlet & Violet 151,sv-scarlet-and-violet-151,Reverse_Holofoil,Uncommon,USD,US,2.09,2.09,2.09,96.0,2.2,2.355,2.4185,2.09,2.495,2.44,1.61,1.53,2.96,4921.0,1.55,1.6314286,1.691613,,,,2026-05-25T21:28:58.987Z,https://cdn.poketrace.com/cards/cd9535a4777bdb1a.webp,53.0,65.68
Hitmonchan,019c3ac3-ec71-70da-b909-8dfcb57c3aef,107/165,SV: Scarlet & Violet 151,sv-scarlet-and-violet-151,Normal,Uncommon,USD,US,2.99,2.99,2.99,65.0,2.65,2.0828571,2.0828571,2.99,2.65,1.99,0.12,0.01,0.15,5097.0,0.13,0.14428571,0.1667742,,,,2026-05-25T21:28:58.987Z,https://cdn.poketrace.com/cards/cd9535a4777bdb1a.webp,53.0,65.68
Hitmonchan,019bffab-58b9-77cf-912c-e9d78a420c0f,,SV: Scarlet & Violet 151,sv-scarlet-and-violet-151,Normal,,USD,US,,,,,,,,,,,,,,,,,,,,,2026-05-25T21:28:58.987Z,https://cdn.poketrace.com/cards/a13e4967b525cf66.webp,53.0,65.68
Lickitung,019bffaa-1a47-7762-8bb5-6828d83b9e9a,108/165,SV: Scarlet & Violet 151,sv-scarlet-and-violet-151,Reverse_Holofoil,Common,USD,US,0.99,0.99,0.99,54.0,1.645,1.6135714,1.644375,0.99,1.345,1.99,0.29,0.29,0.29,4117.0,0.32,0.3157143,0.29548386,,,,2026-05-25T21:28:58.987Z,https://cdn.poketrace.com/cards/740fec89360d257d.webp,100.0,34.66
Lickitung,019c3ac3-ec71-70da-b909-9010d1e65ccd,108/165,SV: Scarlet & Violet 151,sv-scarlet-and-violet-151,Normal,Common,USD,US,1.04,1.04,1.04,25.0,1.98,1.3525,1.3525,1.51,1.51,1.22,0.1,0.01,0.25,4699.0,0.1,0.10285714,0.10870968,,,,2026-05-25T21:28:58.987Z,https://cdn.poketrace.com/cards/740fec89360d257d.webp,100.0,34.66
Koffing,019bffaa-1a47-7762-8bb5-6e10d98029f6,109/165,SV: Scarlet & Violet 151,sv-scarlet-and-violet-151,Reverse_Holofoil,Common,USD,US,1.99,1.99,1.99,33.0,1.49,2.435,2.435,1.99,1.99,2.34,0.31,0.26,0.29,4192.0,0.31,0.3014286,0.2687097,,,,2026-05-25T21:28:58.987Z,https://cdn.poketrace.com/cards/ad890b5825d13388.webp,129.0,15.52
Koffing,019c3ac3-ec71-70da-b909-95c5f7c783cb,109/165,SV: Scarlet & Violet 151,sv-scarlet-and-violet-151,Normal,Common,USD,US,1.79,1.79,1.79,25.0,1.65,1.7199999,1.7199999,1.79,1.79,1.72,0.15,0.15,0.15,6174.0,0.15,0.14714286,0.14870968,,,,2026-05-25T21:28:58.987Z,https://cdn.poketrace.com/cards/ad890b5825d13388.webp,129.0,15.52
Weezing,019bffaa-1a47-7762-8bb5-70a7bb5beb2e,110/165,SV: Scarlet & Violet 151,sv-scarlet-and-violet-151,Reverse_Holofoil,Rare,USD,US,2.99,2.99,2.99,87.0,2.99,2.662857,2.7141666,2.99,2.99,2.99,1.71,0.3,1.85,5151.0,1.91,1.9342858,1.7635484,,,,2026-05-25T21:28:58.987Z,https://cdn.poketrace.com/cards/61c1a1697f0711de.webp,107.0,30.04
Weezing,019c3ac3-ec71-70da-b909-9b3455d09f77,110/165,SV: Scarlet & Violet 151,sv-scarlet-and-violet-151,Holofoil,Rare,USD,US,2.9,2.9,2.9,79.0,1.47,1.6228572,1.9983333,2.9,1.7,1.7,0.3,0.32,0.32,7518.0,0.3,0.2942857,0.27258065,,,,2026-05-25T21:28:58.987Z,https://cdn.poketrace.com/cards/61c1a1697f0711de.webp,107.0,30.04
Weezing,019bffab-58b9-77cf-912c-eefbc639b60e,,SV: Scarlet & Violet 151,sv-scarlet-and-violet-151,Normal,,USD,US,,,,,,,,,,,,,,,,,,,,,2026-05-25T21:28:58.987Z,https://cdn.poketrace.com/cards/9e471cb1deb053a2.webp,107.0,30.04
Rhyhorn,019bffaa-1a47-7762-8bb4-bb21fb8839c2,111/165,SV: Scarlet & Violet 151,sv-scarlet-and-violet-151,Reverse_Holofoil,Common,USD,US,1.98,1.98,1.98,31.0,1.66,1.6783333,1.6783333,1.98,1.98,1.66,0.27,0.29,0.29,3697.0,0.26,0.28285715,0.26903227,,,,2026-05-25T21:28:58.987Z,https://cdn.poketrace.com/cards/be2988bed6cbc702.webp,65.0,57.76
Rhyhorn,019c3ac3-ec71-70da-b908-fc57eee66dfb,111/165,SV: Scarlet & Violet 151,sv-scarlet-and-violet-151,Normal,Common,USD,US,0.99,0.99,0.99,24.0,1.16,1.0749999,1.0749999,0.99,1.075,0.99,0.09,0.01,0.4,3974.0,0.08,0.074285716,0.0783871,,,,2026-05-25T21:28:58.987Z,https://cdn.poketrace.com/cards/be2988bed6cbc702.webp,65.0,57.76
Rhydon,019bffaa-1a47-7762-8bb4-c3bec2ef9521,112/165,SV: Scarlet & Violet 151,sv-scarlet-and-violet-151,Reverse_Holofoil,Uncommon,USD,US,1.75,1.75,1.75,43.0,1.29,1.5957143,1.644,1.52,1.52,1.595,0.23,0.1,0.6,3748.0,0.21,0.22571428,0.21806452,,,,2026-05-25T21:28:58.987Z,https://cdn.poketrace.com/cards/37b0525a546653fb.webp,50.0,67.66
Rhydon,019c3ac3-ec71-70da-b909-06ce2690b58e,112/165,SV: Scarlet & Violet 151,sv-scarlet-and-violet-151,Normal,Uncommon,USD,US,2.0,2.0,2.0,25.0,1.89,1.9449999,1.9449999,2.0,2.0,1.945,0.12,0.25,0.25,3682.0,0.11,0.10714286,0.10483871,,,,2026-05-25T21:28:58.987Z,https://cdn.poketrace.com/cards/37b0525a546653fb.webp,50.0,67.66
Chansey,019bffaa-1a47-7762-8bb4-c8fe5a076bd9,113/165,SV: Scarlet & Violet 151,sv-scarlet-and-violet-151,Reverse_Holofoil,Rare,USD,US,2.25,2.25,2.25,110.0,1.87,1.96,2.0536363,2.25,1.87,1.99,1.44,1.4,2.27,5424.0,1.43,1.4114286,1.2867742,,,,2026-05-25T21:28:58.987Z,https://cdn.poketrace.com/cards/4fa486b79a297550.webp,80.0,47.86
Chansey,019c3ac3-ec71-70da-b909-08e42511068c,113/165,SV: Scarlet & Violet 151,sv-scarlet-and-violet-151,Holofoil,Rare,USD,US,1.645,1.5,1.79,136.0,0.99,1.3464286,1.786875,1.25,1.5,1.97,0.38,0.32,0.54,12147.0,0.38,0.36142856,0.32193547,,,,2026-05-25T21:28:58.987Z,https://cdn.poketrace.com/cards/4fa486b79a297550.webp,80.0,47.86
Tangela,019bffaa-1a47-7762-8bb4-d973499859ec,114/165,SV: Scarlet & Violet 151,sv-scarlet-and-violet-151,Reverse_Holofoil,Common,USD,US,1.29,1.29,1.29,42.0,1.8,1.6857142,1.775,1.29,1.545,1.695,0.27,0.27,0.27,3660.0,0.27,0.27,0.28354838,,,,2026-05-25T21:28:58.987Z,https://cdn.poketrace.com/cards/80accedec80ac769.webp,124.0,18.82
Tangela,019bffab-58b9-77cf-912b-8bed64c35123,178/165,SV: Scarlet & Violet 151,sv-scarlet-and-violet-151,Holofoil,Illustration Rare,USD,US,17.915,15.84,19.99,466.0,20.63,18.129286,16.216167,18.83,17.99,15.99,22.3,18.0,19.18,7247.0,22.41,20.455715,18.40258,,,,2026-05-25T21:28:58.987Z,https://cdn.poketrace.com/cards/e3bf5921c6fc316a.webp,124.0,18.82
Tangela,019c3ac3-ec71-70da-b909-0d9f619e762e,114/165,SV: Scarlet & Violet 151,sv-scarlet-and-violet-151,Normal,Common,USD,US,1.88,1.88,1.88,23.0,9.0,4.2466664,4.2466664,1.88,1.88,1.93,0.08,0.08,0.08,3475.0,0.09,0.08571429,0.105483875,,,,2026-05-25T21:28:58.987Z,https://cdn.poketrace.com/cards/80accedec80ac769.webp,124.0,18.82
Kangaskhan,019bffaa-1a47-7762-8bb4-e1e25136e2ab,115/165,SV: Scarlet & Violet 151,sv-scarlet-and-violet-151,Holofoil,Double Rare,USD,US,1.8433334,0.99,3.29,284.0,3.48,2.1942856,2.1611905,2.27,1.99,1.99,1.21,0.99,2.99,12016.0,1.14,1.2157143,1.2467742,,,,2026-05-25T21:28:58.987Z,https://cdn.poketrace.com/cards/cc0be3be0e009c73.webp,48.0,68.98
Kangaskhan,019bffab-58b9-77cf-912b-6314ac263dd0,190/165,SV: Scarlet & Violet 151,sv-scarlet-and-violet-151,Holofoil,Ultra Rare,USD,US,12.99,12.99,12.99,267.0,7.99,9.061428,8.2973995,10.49,7.99,7.99,8.61,7.0,7.36,5661.0,8.57,7.937143,7.7358065,,,,2026-05-25T21:28:58.987Z,https://cdn.poketrace.com/cards/e14c6f519472b8b9.webp,48.0,68.98
Horsea,019bffaa-1a47-7762-8bb4-e71ff5eeb7f4,116/165,SV: Scarlet & Violet 151,sv-scarlet-and-violet-151,Reverse_Holofoil,Common,USD,US,0.72,0.72,0.72,40.0,1.505,1.4725,1.4725,1.505,1.59,1.645,0.24,0.3,0.3,3676.0,0.24,0.26,0.23032258,,,,2026-05-25T21:28:58.987Z,https://cdn.poketrace.com/cards/ed4af6e4fed5204a.webp,101.0,34.0
Horsea,019c3ac3-ec71-70da-b909-110a9e64b732,116/165,SV: Scarlet & Violet 151,sv-scarlet-and-violet-151,Normal,Common,USD,US,1.99,1.99,1.99,27.0,1.98,1.76,1.76,1.985,1.985,1.98,0.09,0.01,0.25,4065.0,0.09,0.09142857,0.09903226,,,,2026-05-25T21:28:58.987Z,https://cdn.poketrace.com/cards/ed4af6e4fed5204a.webp,101.0,34.0
Seadra,019bffaa-1a47-7762-8bb4-eb5a982812e7,117/165,SV: Scarlet & Violet 151,sv-scarlet-and-violet-151,Reverse_Holofoil,Uncommon,USD,US,1.39,1.39,1.39,31.0,1.45,1.4333334,1.4333334,1.39,1.39,1.45,0.23,0.27,0.4,3675.0,0.23,0.26285714,0.24032257,,,,2026-05-25T21:28:58.987Z,https://cdn.poketrace.com/cards/fdd2986f854a20f2.webp,66.0,57.1
Seadra,019c3ac3-ec71-70da-b909-1414493cfa8f,117/165,SV: Scarlet & Violet 151,sv-scarlet-and-violet-151,Normal,Uncommon,USD,US,1.99,1.99,1.99,36.0,1.98,1.9866667,1.9866667,1.985,1.985,1.99,0.09,0.01,0.25,3748.0,0.09,0.087142855,0.102580644,,,,2026-05-25T21:28:58.987Z,https://cdn.poketrace.com/cards/fdd2986f854a20f2.webp,66.0,57.1
Goldeen,019bffaa-1a47-7762-8bb5-75743774c299,118/165,SV: Scarlet & Violet 151,sv-scarlet-and-violet-151,Reverse_Holofoil,Common,USD,US,1.66,1.66,1.66,38.0,1.66,1.5233333,1.5233333,1.66,1.66,1.55,0.23,0.18,0.29,3458.0,0.23,0.25285715,0.23064516,,,,2026-05-25T21:28:58.987Z,https://cdn.poketrace.com/cards/bcf9a4ebc7d03a61.webp,142.0,6.94
Goldeen,019c3ac3-ec71-70da-b909-9cdf6a91aab6,118/165,SV: Scarlet & Violet 151,sv-scarlet-and-violet-151,Normal,Common,USD,US,1.99,1.99,1.99,23.0,2.67,1.594,1.594,2.33,2.33,1.31,0.14,0.01,0.01,3738.0,0.14,0.122857146,0.09870968,,,,2026-05-25T21:28:58.987Z,https://cdn.poketrace.com/cards/bcf9a4ebc7d03a61.webp,142.0,6.94
Seaking,019bffaa-1a47-7762-8bb5-7a5edd9ffccb,119/165,SV: Scarlet & Violet 151,sv-scarlet-and-violet-151,Reverse_Holofoil,Uncommon,USD,US,3.88,3.88,3.88,58.0,2.49,2.5357144,2.5357144,3.88,3.185,2.49,1.39,1.96,1.96,4450.0,1.35,1.32,1.2796774,,,,2026-05-25T21:28:58.987Z,https://cdn.poketrace.com/cards/63af95a38b2a68bf.webp,132.0,13.54
Seaking,019c3ac3-ec71-70da-b909-a2f1ea6a3456,119/165,SV: Scarlet & Violet 151,sv-scarlet-and-violet-151,Normal,Uncommon,USD,US,2.9,2.9,2.9,40.0,1.99,2.094,2.094,2.9,2.445,1.99,0.15,0.15,0.15,3582.0,0.15,0.12857144,0.13032258,,,,2026-05-25T21:28:58.987Z,https://cdn.poketrace.com/cards/63af95a38b2a68bf.webp,132.0,13.54
Staryu,019bffaa-1a47-7762-8bb5-7e04cb162941,120/165,SV: Scarlet & Violet 151,sv-scarlet-and-violet-151,Reverse_Holofoil,Common,USD,US,1.99,1.99,1.99,54.0,1.99,1.8285714,1.8705,1.99,1.87,1.99,0.28,0.29,0.29,4157.0,0.29,0.28857142,0.27870968,,,,2026-05-25T21:28:58.987Z,https://cdn.poketrace.com/cards/9f874f4941c198e4.webp,92.0,39.94
Staryu,019c3ac3-ec71-70da-b909-a764bfe5a7a1,120/165,SV: Scarlet & Violet 151,sv-scarlet-and-violet-151,Normal,Common,USD,US,1.99,1.99,1.99,28.0,1.79,1.89,1.89,1.99,1.99,1.89,0.13,0.15,0.15,4442.0,0.13,0.111428574,0.12806451,,,,2026-05-25T21:28:58.987Z,https://cdn.poketrace.com/cards/9f874f4941c198e4.webp,92.0,39.94
Starmie,019bffaa-1a47-7762-8bb5-8207ed8c8ef6,121/165,SV: Scarlet & Violet 151,sv-scarlet-and-violet-151,Reverse_Holofoil,Rare,USD,US,2.99,2.99,2.99,86.0,2.99,2.3985715,2.3985715,2.99,2.99,1.99,0.85,0.72,1.38,5076.0,0.82,0.80714285,0.8135484,,,,2026-05-25T21:28:58.987Z,https://cdn.poketrace.com/cards/b9228ddd7720c05e.webp,49.0,68.32
Starmie,019c3ac3-ec71-70da-b909-a941a7dde770,121/165,SV: Scarlet & Violet 151,sv-scarlet-and-violet-151,Holofoil,Rare,USD,US,1.49,1.49,1.49,95.0,,,,1.31,1.31,1.38,0.27,0.19,0.35,7381.0,0.29,0.27571428,0.26193547,,,,2026-05-25T21:28:58.987Z,https://cdn.poketrace.com/cards/b9228ddd7720c05e.webp,49.0,68.32
Mr. Mime,019bffaa-1a47-7762-8bb5-8584ca6ebcb4,122/165,SV: Scarlet & Violet 151,sv-scarlet-and-violet-151,Reverse_Holofoil,Rare,USD,US,1.49,1.49,1.49,88.0,1.6,1.7914286,1.8355556,1.545,1.795,1.99,1.12,1.0,1.4,5093.0,1.1,0.97,0.83709675,,,,2026-05-25T21:28:58.987Z,https://cdn.poketrace.com/cards/a44e02f579d7d02d.webp,119.0,22.12
Mr. Mime,019bffab-58b9-77cf-912b-6deb4f89a22e,179/165,SV: Scarlet & Violet 151,sv-scarlet-and-violet-151,Holofoil,Illustration Rare,USD,US,15.0,15.0,15.0,368.0,15.0,15.18,15.533519,15.0,16.0,15.49,15.65,15.25,16.24,6985.0,15.44,15.395715,16.245806,,,,2026-05-25T21:28:58.987Z,https://cdn.poketrace.com/cards/c84c6518b17b2e83.webp,119.0,22.12
Mr. Mime,019c3ac3-ec71-70da-b909-ae150d49487f,122/165,SV: Scarlet & Violet 151,sv-scarlet-and-violet-151,Holofoil,Rare,USD,US,3.0,3.0,3.0,99.0,1.57,1.9457144,1.688,3.0,1.7,1.39,0.3,0.23,0.26,7729.0,0.3,0.29142857,0.26451612,,,,2026-05-25T21:28:58.987Z,https://cdn.poketrace.com/cards/a44e02f579d7d02d.webp,119.0,22.12
Scyther,019bffaa-1a47-7762-8bb5-893592a2f0a7,123/165,SV: Scarlet & Violet 151,sv-scarlet-and-violet-151,Reverse_Holofoil,Uncommon,USD,US,2.85,2.71,2.99,33.0,2.99,3.0425,3.0425,2.85,2.85,2.99,3.05,2.88,3.84,5071.0,2.98,2.71,2.5770967,,,,2026-05-25T21:28:58.987Z,https://cdn.poketrace.com/cards/7d84060b39ca38d1.webp,21.0,86.8
Scyther,019c3ac3-ec71-70da-b909-b1183fa97b92,123/165,SV: Scarlet & Violet 151,sv-scarlet-and-violet-151,Normal,Uncommon,USD,US,5.74,5.74,5.74,21.0,,,,5.74,5.74,5.74,0.16,0.16,0.16,7028.0,0.16,0.14857143,0.16548388,,,,2026-05-25T21:28:58.987Z,https://cdn.poketrace.com/cards/7d84060b39ca38d1.webp,21.0,86.8
Scyther,019bffab-58b9-77cf-912c-eefbc639b60e,,SV: Scarlet & Violet 151,sv-scarlet-and-violet-151,Normal,,USD,US,,,,,,,,,,,,,,,,,,,,,2026-05-25T21:28:58.987Z,https://cdn.poketrace.com/cards/9e471cb1deb053a2.webp,21.0,86.8
Jynx,019bffaa-1a47-7762-8bb5-8c835df901c6,124/165,SV: Scarlet & Violet 151,sv-scarlet-and-violet-151,Holofoil,Double Rare,USD,US,1.99,1.99,1.99,278.0,2.735,2.3507142,2.576842,2.37,2.25,2.29,1.41,1.24,2.49,10597.0,1.29,1.2914286,1.2632258,,,,2026-05-25T21:28:58.987Z,https://cdn.poketrace.com/cards/1e08e907b9880ab6.webp,141.0,7.6
Jynx,019bffab-58b9-77cf-912b-5ff11fa9483b,191/165,SV: Scarlet & Violet 151,sv-scarlet-and-violet-151,Holofoil,Ultra Rare,USD,US,6.585,5.5,7.67,337.0,7.92,7.9642854,8.786154,7.335,7.67,7.995,8.43,6.9,7.99,5855.0,8.71,8.348572,7.886129,,,,2026-05-25T21:28:58.987Z,https://cdn.poketrace.com/cards/3354a274baa16039.webp,141.0,7.6
Electabuzz,019bffaa-1a47-7762-8bb5-921f851e28bc,125/165,SV: Scarlet & Violet 151,sv-scarlet-and-violet-151,Reverse_Holofoil,Common,USD,US,1.69,1.69,1.69,93.0,1.69,2.0757143,2.0757143,1.69,1.74,2.19,0.67,0.67,0.88,4671.0,0.66,0.6585714,0.6654839,,,,2026-05-25T21:28:58.987Z,https://cdn.poketrace.com/cards/6208b5ebd56a53be.webp,47.0,69.64
Electabuzz,019c3ac3-ec71-70da-b909-b46ffd3ef87b,125/165,SV: Scarlet & Violet 151,sv-scarlet-and-violet-151,Normal,Common,USD,US,3.4,3.0,3.8,212.0,2.0,2.2071428,1.9665,2.595,2.0,1.99,0.12,0.01,0.01,1839.0,0.12,0.09714286,0.106451616,,,,2026-05-25T21:28:58.987Z,https://cdn.poketrace.com/cards/6208b5ebd56a53be.webp,47.0,69.64
Electabuzz,019bffab-58b9-77cf-912c-d4751a196902,,SV: Scarlet & Violet 151,sv-scarlet-and-violet-151,Normal,,USD,US,,,,,,,,,,,,,,,,,,,,,2026-05-25T21:28:58.987Z,https://cdn.poketrace.com/cards/7ed281bff3184cca.webp,47.0,69.64
Magmar,019bffaa-1a47-7762-8bb5-96ef5db53240,126/165,SV: Scarlet & Violet 151,sv-scarlet-and-violet-151,Reverse_Holofoil,Common,USD,US,2.89,2.89,2.89,85.0,1.99,2.8042858,2.7275,2.44,2.4,2.69,1.96,2.75,2.75,4696.0,1.89,1.8971429,1.7616129,,,,2026-05-25T21:28:58.987Z,https://cdn.poketrace.com/cards/5fc5b34dd87a24dc.webp,61.0,60.4
Magmar,019c3ac3-ec71-70da-b909-bbee9871601d,126/165,SV: Scarlet & Violet 151,sv-scarlet-and-violet-151,Normal,Common,USD,US,1.99,1.99,1.99,46.0,2.15,2.3500001,2.3500001,1.99,2.07,2.15,0.1,0.01,0.25,1823.0,0.1,0.09,0.09709677,,,,2026-05-25T21:28:58.987Z,https://cdn.poketrace.com/cards/5fc5b34dd87a24dc.webp,61.0,60.4
Pinsir,019bffab-58b9-77cf-912a-90e483632445,127/165,SV: Scarlet & Violet 151,sv-scarlet-and-violet-151,Reverse_Holofoil,Uncommon,USD,US,4.63,4.63,4.63,76.0,2.99,3.1785715,2.7718182,2.99,2.99,2.77,1.9,2.86,2.86,4550.0,1.85,1.8071429,1.8558065,,,,2026-05-25T21:28:58.987Z,https://cdn.poketrace.com/cards/c2dc79aa14a42058.webp,75.0,51.16
Pinsir,019c3ac3-ec71-70da-b909-be4bc941ea79,127/165,SV: Scarlet & Violet 151,sv-scarlet-and-violet-151,Normal,Uncommon,USD,US,1.59,1.59,1.59,39.0,2.76,1.98,1.98,1.59,1.59,2.15,0.18,0.01,0.25,3879.0,0.2,0.12571429,0.13967742,,,,2026-05-25T21:28:58.987Z,https://cdn.poketrace.com/cards/c2dc79aa14a42058.webp,75.0,51.16
Taurus,019bffab-58b9-77cf-912a-954c14a757e6,128/165,SV: Scarlet & Violet 151,sv-scarlet-and-violet-151,Reverse_Holofoil,Uncommon,USD,US,2.19,2.19,2.19,85.0,2.19,2.3185716,2.1773076,2.19,2.19,1.99,1.36,1.97,2.05,4683.0,1.32,1.3185714,1.2267742,,,,2026-05-25T21:28:58.987Z,https://cdn.poketrace.com/cards/88a2a2e7d52b3775.webp,,
Taurus,019c3ac3-ec71-70da-b909-c243946fc825,128/165,SV: Scarlet & Violet 151,sv-scarlet-and-violet-151,Normal,Uncommon,USD,US,5.27,5.27,5.27,46.0,5.27,3.0833333,3.0833333,5.27,5.27,2.09,0.14,0.15,0.15,4064.0,0.14,0.14,0.14225806,,,,2026-05-25T21:28:58.987Z,https://cdn.poketrace.com/cards/88a2a2e7d52b3775.webp,,
Magikarp,019bffab-58b9-77cf-912a-9a9b69ca4c1b,129/165,SV: Scarlet & Violet 151,sv-scarlet-and-violet-151,Reverse_Holofoil,Common,USD,US,1.99,1.99,1.99,39.0,1.49,1.9,1.9,1.99,1.99,1.78,0.34,0.29,0.4,5606.0,0.32,0.31714284,0.30709678,,,,2026-05-25T21:28:58.987Z,https://cdn.poketrace.com/cards/882e9699dbcbb5c8.webp,89.0,41.92
Magikarp,019c3ac3-ec71-70da-b909-c78a6a56bd5b,129/165,SV: Scarlet & Violet 151,sv-scarlet-and-violet-151,Normal,Common,USD,US,1.22,1.22,1.22,15.0,2.49,1.855,1.855,1.22,1.22,1.855,0.21,0.21,0.21,7025.0,0.2,0.17571428,0.18419355,,,,2026-05-25T21:28:58.987Z,https://cdn.poketrace.com/cards/882e9699dbcbb5c8.webp,89.0,41.92
Gyarados,019bffab-58b9-77cf-912a-9f070ef58a49,130/165,SV: Scarlet & Violet 151,sv-scarlet-and-violet-151,Reverse_Holofoil,Rare,USD,US,1.5,1.5,1.5,149.0,1.69,2.1685715,2.4596875,1.595,1.99,2.5,1.77,1.58,3.06,5605.0,1.73,1.8771429,1.8419355,,,,2026-05-25T21:28:58.987Z,https://cdn.poketrace.com/cards/bd8a0ef88058d972.webp,2.0,99.34
Gyarados,019c3ac3-ec71-70da-b909-cb0f57179735,130/165,SV: Scarlet & Violet 151,sv-scarlet-and-violet-151,Holofoil,Rare,USD,US,1.74,1.74,1.74,148.0,1.99,1.9150001,1.9186112,1.74,1.845,1.935,0.35,0.25,0.44,12750.0,0.35,0.32857144,0.32935485,,,,2026-05-25T21:28:58.987Z,https://cdn.poketrace.com/cards/bd8a0ef88058d972.webp,2.0,99.34
Lapras,019bffab-58b9-77cf-912a-a152c8245599,131/165,SV: Scarlet & Violet 151,sv-scarlet-and-violet-151,Reverse_Holofoil,Uncommon,USD,US,4.42,2.19,6.65,37.0,1.99,3.642,3.642,2.19,3.32,2.99,2.77,4.29,4.29,4913.0,2.64,2.7042856,2.8451612,,,,2026-05-25T21:28:58.987Z,https://cdn.poketrace.com/cards/5e223856a75f488d.webp,13.0,92.08
Lapras,019c3ac3-ec71-70da-b909-ceb719f10443,131/165,SV: Scarlet & Violet 151,sv-scarlet-and-violet-151,Normal,Uncommon,USD,US,1.98,1.98,1.98,25.0,1.98,1.95875,1.95875,1.98,1.98,1.98,0.15,0.4,0.4,4820.0,0.15,0.13285714,0.15064517,,,,2026-05-25T21:28:58.987Z,https://cdn.poketrace.com/cards/5e223856a75f488d.webp,13.0,92.08
Ditto,019bffab-58b9-77cf-912a-a7c7215dd964,132/165,SV: Scarlet & Violet 151,sv-scarlet-and-violet-151,Reverse_Holofoil,Rare,USD,US,2.99,2.99,2.99,173.0,5.63,3.1200001,2.657,2.99,2.99,2.02,3.57,0.4,5.6,5568.0,4.67,4.5728574,2.8025806,,,,2026-05-22T21:17:01.786Z,https://cdn.poketrace.com/cards/7724935a33f9e968.webp,46.0,70.3
Ditto,019c3ac3-ec71-70da-b909-d2c4c1a9bc97,132/165,SV: Scarlet & Violet 151,sv-scarlet-and-violet-151,Holofoil,Rare,USD,US,1.75,1.75,1.75,267.0,1.09,1.54,1.7146,1.09,1.58,1.725,0.64,0.2,2.99,13377.0,0.53,0.48142856,0.45,,,,2026-05-22T21:17:01.786Z,https://cdn.poketrace.com/cards/7724935a33f9e968.webp,46.0,70.3
Eevee,019bffab-58b9-77cf-912a-ab10b2406a23,133/165,SV: Scarlet & Violet 151,sv-scarlet-and-violet-151,Reverse_Holofoil,Common,USD,US,2.99,2.99,2.99,54.0,1.58,2.4142857,2.3866668,2.285,2.49,2.19,0.45,0.4,0.67,7741.0,0.46,0.4557143,0.4216129,,,,2026-05-25T21:28:58.987Z,https://cdn.poketrace.com/cards/37da8900901780f0.webp,22.0,86.14
Eevee,019c3ac3-ec71-70da-b909-d655ad5a4f26,133/165,SV: Scarlet & Violet 151,sv-scarlet-and-violet-151,Normal,Common,USD,US,1.07,1.07,1.07,30.0,1.07,1.3416667,1.3416667,1.07,1.07,1.43,0.2,0.18,0.29,11694.0,0.19,0.19571428,0.20903225,,,,2026-05-25T21:28:58.987Z,https://cdn.poketrace.com/cards/37da8900901780f0.webp,22.0,86.14
Vaporeon,019bffab-58b9-77cf-912a-ac5e9cd9f62a,134/165,SV: Scarlet & Violet 151,sv-scarlet-and-violet-151,Reverse_Holofoil,Rare,USD,US,2.19,2.19,2.19,121.0,1.98,2.4442859,2.663125,2.085,2.085,2.29,2.54,1.93,3.48,5467.0,2.52,2.34,1.9864516,,,,2026-05-25T21:28:58.987Z,https://cdn.poketrace.com/cards/0387338aa79173f9.webp,24.0,84.82
Vaporeon,019c3ac3-ec71-70da-b909-d830ce2308bc,134/165,SV: Scarlet & Violet 151,sv-scarlet-and-violet-151,Holofoil,Rare,USD,US,1.89,1.89,1.89,153.0,1.57,1.6571429,1.7786,1.89,1.57,1.82,0.36,0.25,0.4,12653.0,0.36,0.35,0.3548387,,,,2026-05-25T21:28:58.987Z,https://cdn.poketrace.com/cards/0387338aa79173f9.webp,24.0,84.82
Jolteon,019bffab-58b9-77cf-912a-b353e5094c02,135/165,SV: Scarlet & Violet 151,sv-scarlet-and-violet-151,Reverse_Holofoil,Rare,USD,US,6.73,6.73,6.73,134.0,2.99,3.255,2.9028947,2.92,2.92,2.565,3.44,2.1,2.1,5161.0,3.44,3.3385713,2.818387,,,,2026-05-25T21:28:58.987Z,https://cdn.poketrace.com/cards/86ba7ecec3e4d3f8.webp,19.0,88.12
Jolteon,019c3ac3-ec71-70da-b909-dc683506fb89,135/165,SV: Scarlet & Violet 151,sv-scarlet-and-violet-151,Holofoil,Rare,USD,US,1.99,1.99,1.99,123.0,1.59,1.79,1.7325,1.99,1.79,1.85,0.37,0.28,0.97,12328.0,0.33,0.33857143,0.31387097,,,,2026-05-25T21:28:58.987Z,https://cdn.poketrace.com/cards/86ba7ecec3e4d3f8.webp,19.0,88.12
Flareon,019bffab-58b9-77cf-912a-b6107c21a376,136/165,SV: Scarlet & Violet 151,sv-scarlet-and-violet-151,Reverse_Holofoil,Rare,USD,US,3.79,3.79,3.79,139.0,2.13,2.5242858,2.295,2.49,2.13,1.99,2.43,1.25,3.89,5392.0,2.47,2.6457143,2.2593548,,,,2026-05-25T21:28:58.987Z,https://cdn.poketrace.com/cards/7ba15f85a3f22b77.webp,35.0,77.56
Flareon,019c3ac3-ec71-70da-b909-e3f3e40a971d,136/165,SV: Scarlet & Violet 151,sv-scarlet-and-violet-151,Holofoil,Rare,USD,US,1.71,1.71,1.71,120.0,1.71,1.5735714,1.5241667,1.71,1.6,1.57,0.33,0.3,0.44,13142.0,0.33,0.3042857,0.3116129,,,,2026-05-25T21:28:58.987Z,https://cdn.poketrace.com/cards/7ba15f85a3f22b77.webp,35.0,77.56
Porygon,019bffab-58b9-77cf-912a-b9869ecab2e3,137/165,SV: Scarlet & Violet 151,sv-scarlet-and-violet-151,Reverse_Holofoil,Common,USD,US,1.8,1.8,1.8,49.0,1.75,1.6141666,1.6141666,1.775,1.75,1.7,0.28,0.29,0.29,3900.0,0.28,0.2642857,0.2596774,,,,2026-05-25T21:28:58.987Z,https://cdn.poketrace.com/cards/7dcc88b0ba70d5cf.webp,82.0,46.54
Porygon,019c3ac3-ec71-70da-b909-e48bff47ce7f,137/165,SV: Scarlet & Violet 151,sv-scarlet-and-violet-151,Normal,Common,USD,US,1.99,1.29,2.69,26.0,1.29,1.2933333,1.2933333,1.29,1.64,1.29,0.07,0.07,0.07,6216.0,0.07,0.07571428,0.09580645,,,,2026-05-25T21:28:58.987Z,https://cdn.poketrace.com/cards/7dcc88b0ba70d5cf.webp,82.0,46.54
Omanyte,019bffab-58b9-77cf-912a-be28c7894c06,138/165,SV: Scarlet & Violet 151,sv-scarlet-and-violet-151,Reverse_Holofoil,Uncommon,USD,US,2.5,2.5,2.5,113.0,2.49,2.4471428,2.9058332,2.495,2.5,2.5,1.94,2.44,2.99,4651.0,1.76,1.8785714,1.8129033,,,,2026-05-25T21:28:58.987Z,https://cdn.poketrace.com/cards/edb475cdb9878a11.webp,109.0,28.72
Omanyte,019bffab-58b9-77cf-912b-7a36ceda5109,180/165,SV: Scarlet & Violet 151,sv-scarlet-and-violet-151,Holofoil,Illustration Rare,USD,US,17.71,14.99,20.08,430.0,15.17,15.093572,15.415714,15.17,15.0,15.0,16.91,16.91,16.91,6770.0,16.91,17.357143,17.889032,,,,2026-05-25T21:28:58.987Z,https://cdn.poketrace.com/cards/2d2b17cdec116e31.webp,109.0,28.72
Omanyte,019c3ac3-ec71-70da-b909-e88eb271cae9,138/165,SV: Scarlet & Violet 151,sv-scarlet-and-violet-151,Normal,Uncommon,USD,US,1.99,1.99,1.99,50.0,1.99,2.06,2.06,1.99,1.995,1.99,0.12,0.1,0.25,4896.0,0.11,0.13,0.14838709,,,,2026-05-25T21:28:58.987Z,https://cdn.poketrace.com/cards/edb475cdb9878a11.webp,109.0,28.72
Omanyte,019bffab-58b9-77cf-912c-cfd03260b04f,,SV: Scarlet & Violet 151,sv-scarlet-and-violet-151,Normal,,USD,US,,,,,,,,,,,,,,,,,,,,,2026-05-25T21:28:58.987Z,https://cdn.poketrace.com/cards/8c915674259d2504.webp,109.0,28.72
Omastar,019bffab-58b9-77cf-912a-c126010d0828,139/165,SV: Scarlet & Violet 151,sv-scarlet-and-violet-151,Reverse_Holofoil,Rare,USD,US,1.88,1.88,1.88,103.0,2.415,1.6557143,1.864,1.99,1.99,1.935,1.13,0.75,1.39,5057.0,1.23,1.2542857,1.27,,,,2026-05-25T21:28:58.987Z,https://cdn.poketrace.com/cards/93f398d9c2ba28e9.webp,96.0,37.3
Omastar,019c3ac3-ec71-70da-b909-ec972363fa26,139/165,SV: Scarlet & Violet 151,sv-scarlet-and-violet-151,Holofoil,Rare,USD,US,0.99,0.99,0.99,80.0,2.6,1.4714285,1.5975,0.99,0.99,1.78,0.31,0.26,0.29,2468.0,0.32,0.28857142,0.27451614,,,,2026-05-25T21:28:58.987Z,https://cdn.poketrace.com/cards/93f398d9c2ba28e9.webp,96.0,37.3
Kabuto,019bffab-58b9-77cf-912a-c78ca0d66b69,140/165,SV: Scarlet & Violet 151,sv-scarlet-and-violet-151,Reverse_Holofoil,Uncommon,USD,US,2.0,2.0,2.0,86.0,2.615,2.555,2.3877273,2.24,2.99,2.37,1.91,2.89,2.89,4901.0,1.84,1.8128572,1.7041936,,,,2026-05-25T21:28:58.987Z,https://cdn.poketrace.com/cards/968aa654e9f0f0e3.webp,110.0,28.06
Kabuto,019c3ac3-ec71-70da-b909-f11a16b93aea,140/165,SV: Scarlet & Violet 151,sv-scarlet-and-violet-151,Normal,Uncommon,USD,US,1.79,1.79,1.79,56.0,0.99,1.7285714,1.7285714,1.39,1.745,1.79,0.13,0.01,0.25,5337.0,0.12,0.14,0.15096775,,,,2026-05-25T21:28:58.987Z,https://cdn.poketrace.com/cards/968aa654e9f0f0e3.webp,110.0,28.06
Kabuto,019bffab-58b9-77cf-912a-c90876a59372,141/165,SV: Scarlet & Violet 151,sv-scarlet-and-violet-151,Reverse_Holofoil,Rare,USD,US,1.24,1.24,1.24,123.0,2.18,2.3214285,2.225909,1.24,1.71,2.0,1.92,1.21,2.99,5368.0,1.91,1.8214285,1.3806452,,,,2026-05-25T21:28:58.987Z,https://cdn.poketrace.com/cards/1c6258b626ac7f6f.webp,110.0,28.06
Kabuto,019c3ac3-ec71-70da-b909-f78a0e39817d,141/165,SV: Scarlet & Violet 151,sv-scarlet-and-violet-151,Holofoil,Rare,USD,US,1.87,1.75,1.99,113.0,1.99,1.6542857,1.5425,1.75,1.75,1.66,0.28,0.32,0.4,9041.0,0.29,0.29,0.29193547,,,,2026-05-25T21:28:58.987Z,https://cdn.poketrace.com/cards/1c6258b626ac7f6f.webp,110.0,28.06
Kabutops,019bffab-58b9-77cf-912a-c90876a59372,141/165,SV: Scarlet & Violet 151,sv-scarlet-and-violet-151,Reverse_Holofoil,Rare,USD,US,1.24,1.24,1.24,123.0,2.18,2.3214285,2.225909,1.24,1.71,2.0,1.92,1.21,2.99,5368.0,1.91,1.8214285,1.3806452,,,,2026-05-25T21:28:58.987Z,https://cdn.poketrace.com/cards/1c6258b626ac7f6f.webp,38.0,75.58
Kabutops,019c3ac3-ec71-70da-b909-f78a0e39817d,141/165,SV: Scarlet & Violet 151,sv-scarlet-and-violet-151,Holofoil,Rare,USD,US,1.87,1.75,1.99,113.0,1.99,1.6542857,1.5425,1.75,1.75,1.66,0.28,0.32,0.4,9041.0,0.29,0.29,0.29193547,,,,2026-05-25T21:28:58.987Z,https://cdn.poketrace.com/cards/1c6258b626ac7f6f.webp,38.0,75.58
Aerodactyl,019bffab-58b9-77cf-912a-cdbe3287d67e,142/165,SV: Scarlet & Violet 151,sv-scarlet-and-violet-151,Reverse_Holofoil,Rare,USD,US,1.99,1.99,1.99,124.0,1.935,2.0564287,1.9828125,1.985,1.985,1.99,1.27,1.58,2.06,6478.0,1.28,1.2457143,1.1045161,,,,2026-05-25T21:28:58.987Z,https://cdn.poketrace.com/cards/0e6159e1f63b3e76.webp,29.0,81.52
Aerodactyl,019c3ac3-ec71-70da-b909-f9f05409c56b,142/165,SV: Scarlet & Violet 151,sv-scarlet-and-violet-151,Holofoil,Rare,USD,US,0.99,0.99,0.99,162.0,1.495,1.82,1.7531579,1.99,1.895,1.79,0.41,0.29,0.5,3726.0,0.4,0.40714285,0.3751613,,,,2026-05-25T21:28:58.987Z,https://cdn.poketrace.com/cards/0e6159e1f63b3e76.webp,29.0,81.52
Snorlax,019bffab-58b9-77cf-912a-d24c3429890c,143/165,SV: Scarlet & Violet 151,sv-scarlet-and-violet-151,Reverse_Holofoil,Uncommon,USD,US,2.99,2.99,2.99,59.0,3.99,3.855,3.4903846,2.99,3.99,3.56,4.74,4.19,4.72,5846.0,4.9,4.74,4.336129,,,,2026-05-25T21:28:58.987Z,https://cdn.poketrace.com/cards/7c103405ecc8a265.webp,15.0,90.76
Snorlax,019c3ac3-ec71-70da-b909-ff42ad334581,143/165,SV: Scarlet & Violet 151,sv-scarlet-and-violet-151,Normal,Uncommon,USD,US,1.79,1.79,1.79,32.0,1.35,1.9157143,1.9157143,1.79,1.57,1.95,0.33,0.28,0.28,10569.0,0.33,0.2742857,0.26580647,,,,2026-05-25T21:28:58.987Z,https://cdn.poketrace.com/cards/7c103405ecc8a265.webp,15.0,90.76
Articuno,019bffab-58b9-77cf-912a-d73a169d7352,144/165,SV: Scarlet & Violet 151,sv-scarlet-and-violet-151,Reverse_Holofoil,Rare,USD,US,1.99,1.99,1.99,116.0,4.615,2.347857,2.34125,3.61,3.0,1.99,1.42,1.09,2.68,5450.0,1.35,1.44,1.3290323,,,,2026-05-25T21:28:58.987Z,https://cdn.poketrace.com/cards/cc51d63bcdc161be.webp,10.0,94.06
Articuno,019c3ac3-ec71-70da-b90a-022f09f36898,144/165,SV: Scarlet & Violet 151,sv-scarlet-and-violet-151,Holofoil,Rare,USD,US,1.97,1.95,1.99,130.0,1.47,1.785,1.7614286,1.97,1.49,1.85,0.35,0.3,0.65,10214.0,0.35,0.32142857,0.32967743,,,,2026-05-25T21:28:58.987Z,https://cdn.poketrace.com/cards/cc51d63bcdc161be.webp,10.0,94.06
Zapdos,019bffab-58b9-77cf-912a-d8f8eb979b93,145/165,SV: Scarlet & Violet 151,sv-scarlet-and-violet-151,Holofoil,Double Rare,USD,US,1.49,1.49,1.49,311.0,2.485,2.2092857,2.4476001,1.99,2.0,2.38,1.41,1.39,2.33,11831.0,1.35,1.3871429,1.4225806,,,,2026-05-25T21:28:58.987Z,https://cdn.poketrace.com/cards/bd025c3acb7a4d23.webp,14.0,91.42
Zapdos,019bffab-58b9-77cf-912b-9bf8f2c6d507,192/165,SV: Scarlet & Violet 151,sv-scarlet-and-violet-151,Holofoil,Ultra Rare,USD,US,14.5,14.5,14.5,297.0,11.99,12.762857,13.590536,11.99,11.995,13.0,12.51,10.67,10.67,5522.0,12.29,12.345715,13.564838,,,,2026-05-25T21:28:58.987Z,https://cdn.poketrace.com/cards/1c6b47db41d9683a.webp,14.0,91.42
Zapdos,019bffab-58b9-77cf-912b-b91cae72c475,202/165,SV: Scarlet & Violet 151,sv-scarlet-and-violet-151,Holofoil,Special Illustration Rare,USD,US,99.996666,90.0,105.0,438.0,100.0,105.207855,105.27778,104.99,105.0,105.0,104.86,100.0,100.0,4548.0,104.84,103.26714,105.88548,,,,2026-05-25T21:28:58.987Z,https://cdn.poketrace.com/cards/621d536c9ab3aacd.webp,14.0,91.42
Zapdos,019bffa9-14a4-732a-bc78-078ed173a985,,SV: Scarlet & Violet 151,sv-scarlet-and-violet-151,Normal,,USD,US,,,,,,,,,,,,,,,,,,,,,2026-05-25T21:28:58.987Z,https://cdn.poketrace.com/cards/4466e34301eec013.webp,14.0,91.42
Zapdos,019bffab-58b9-77cf-912c-50726e77b21e,,SV: Scarlet & Violet 151,sv-scarlet-and-violet-151,Normal,,USD,US,,,,,,,,,,,,,,,,,,,,,2026-05-25T21:28:58.987Z,https://cdn.poketrace.com/cards/313201716b70a5ea.webp,14.0,91.42
Zapdos,019bffac-ba77-77e9-b32e-7022775d4c7c,,SV: Scarlet & Violet 151,sv-scarlet-and-violet-151,Normal,Code Card,USD,US,,,,,,,,,,,0.09,0.09,0.09,182.0,0.09,0.09,0.09290323,,,,2026-05-25T21:28:58.987Z,https://cdn.poketrace.com/cards/6dd676afa831426f.webp,14.0,91.42
Moltres,019bffab-58b9-77cf-912a-dfe00b923ebb,146/165,SV: Scarlet & Violet 151,sv-scarlet-and-violet-151,Reverse_Holofoil,Rare,USD,US,2.18,2.18,2.18,121.0,2.3,2.3342857,2.148182,2.18,1.99,1.99,1.56,1.32,2.33,5395.0,1.53,1.4671428,1.4341935,,,,2026-05-25T21:28:58.987Z,https://cdn.poketrace.com/cards/86016617c9490d13.webp,30.0,80.86
Moltres,019c3ac3-ec71-70da-b90a-052ddaed1259,146/165,SV: Scarlet & Violet 151,sv-scarlet-and-violet-151,Holofoil,Rare,USD,US,1.39,1.39,1.39,119.0,1.99,1.6378572,1.7721875,1.99,1.59,1.82,0.31,0.2,0.4,9397.0,0.29,0.31285715,0.3167742,,,,2026-05-25T21:28:58.987Z,https://cdn.poketrace.com/cards/86016617c9490d13.webp,30.0,80.86
Dratini,019bffab-58b9-77cf-912a-e15d90c6c562,147/165,SV: Scarlet & Violet 151,sv-scarlet-and-violet-151,Reverse_Holofoil,Common,USD,US,1.23,1.23,1.23,59.0,2.6,1.7964286,1.8745,1.915,1.92,1.99,0.36,0.29,0.4,5426.0,0.35,0.33714285,0.32709676,,,,2026-05-25T21:28:58.987Z,https://cdn.poketrace.com/cards/e09d3b27a7efe1cf.webp,33.0,78.88
Dratini,019c3ac3-ec71-70da-b90a-0a5f455579d1,147/165,SV: Scarlet & Violet 151,sv-scarlet-and-violet-151,Normal,Common,USD,US,1.69,1.69,1.69,44.0,1.99,1.8185714,1.715,1.69,1.84,1.84,0.22,0.15,0.25,6083.0,0.23,0.22,0.19548388,,,,2026-05-25T21:28:58.987Z,https://cdn.poketrace.com/cards/e09d3b27a7efe1cf.webp,33.0,78.88
Dragonair,019bffab-58b9-77cf-912a-e49ceb791c3f,148/165,SV: Scarlet & Violet 151,sv-scarlet-and-violet-151,Reverse_Holofoil,Uncommon,USD,US,2.99,2.99,2.99,136.0,3.63,3.6357143,3.4481251,2.99,4.31,3.49,3.82,3.5,5.76,5129.0,3.73,3.7757144,3.5380645,,,,2026-05-25T21:28:58.987Z,https://cdn.poketrace.com/cards/4de1bf73883a5197.webp,20.0,87.46
Dragonair,019bffab-58b9-77cf-912b-56a0d4cc3f27,181/165,SV: Scarlet & Violet 151,sv-scarlet-and-violet-151,Holofoil,Illustration Rare,USD,US,51.35,44.0,60.06,335.0,40.0,51.782143,50.0846,49.085,49.995,48.09,51.12,51.12,51.12,5030.0,51.12,51.422855,50.27258,,,,2026-05-25T21:28:58.987Z,https://cdn.poketrace.com/cards/525bcb0b7e65496b.webp,20.0,87.46
Dragonair,019c3ac3-ec71-70da-b90a-0d4c2dc6186d,148/165,SV: Scarlet & Violet 151,sv-scarlet-and-violet-151,Normal,Uncommon,USD,US,3.49,3.49,3.49,70.0,1.69,2.8228571,3.09375,2.59,2.24,2.87,0.17,0.04,0.35,8770.0,0.17,0.16428572,0.19709678,,,,2026-05-25T21:28:58.987Z,https://cdn.poketrace.com/cards/4de1bf73883a5197.webp,20.0,87.46
Dragonair,019bffab-58b9-77cf-912a-ea2a69c0ab47,149/165,SV: Scarlet & Violet 151,sv-scarlet-and-violet-151,Reverse_Holofoil,Rare,USD,US,3.99,3.99,3.99,164.0,2.49,3.0528572,3.7384615,3.24,3.63,2.99,3.37,1.0,3.38,6118.0,3.55,3.2985713,3.082258,,,,2026-05-25T21:28:58.987Z,https://cdn.poketrace.com/cards/eaf6cd699b63784b.webp,20.0,87.46
Dragonair,019c3ac3-ec71-70da-b90a-132611d503ed,149/165,SV: Scarlet & Violet 151,sv-scarlet-and-violet-151,Holofoil,Rare,USD,US,1.78,1.78,1.78,281.0,2.56,2.1442857,2.8899999,2.525,2.07,2.0,1.29,0.55,1.42,15911.0,1.29,0.9128571,0.9132258,,,,2026-05-25T21:28:58.987Z,https://cdn.poketrace.com/cards/eaf6cd699b63784b.webp,20.0,87.46
Dragonair,019bffab-58b9-77cf-912c-d0cd88375f4d,,SV: Scarlet & Violet 151,sv-scarlet-and-violet-151,Normal,,USD,US,,,,,,,,,,,,,,,,,,,,,2026-05-25T21:28:58.987Z,https://cdn.poketrace.com/cards/af3f32118aadde4e.webp,20.0,87.46
Dragonite,019bffab-58b9-77cf-912a-ea2a69c0ab47,149/165,SV: Scarlet & Violet 151,sv-scarlet-and-violet-151,Reverse_Holofoil,Rare,USD,US,3.99,3.99,3.99,164.0,2.49,3.0528572,3.7384615,3.24,3.63,2.99,3.37,1.0,3.38,6118.0,3.55,3.2985713,3.082258,,,,2026-05-25T21:28:58.987Z,https://cdn.poketrace.com/cards/eaf6cd699b63784b.webp,5.0,97.36
Dragonite,019c3ac3-ec71-70da-b90a-132611d503ed,149/165,SV: Scarlet & Violet 151,sv-scarlet-and-violet-151,Holofoil,Rare,USD,US,1.78,1.78,1.78,281.0,2.56,2.1442857,2.8899999,2.525,2.07,2.0,1.29,0.55,1.42,15911.0,1.29,0.9128571,0.9132258,,,,2026-05-25T21:28:58.987Z,https://cdn.poketrace.com/cards/eaf6cd699b63784b.webp,5.0,97.36
Dragonite,019bffab-58b9-77cf-912c-d0cd88375f4d,,SV: Scarlet & Violet 151,sv-scarlet-and-violet-151,Normal,,USD,US,,,,,,,,,,,,,,,,,,,,,2026-05-25T21:28:58.987Z,https://cdn.poketrace.com/cards/af3f32118aadde4e.webp,5.0,97.36
Mewtwo,019bffab-58b9-77cf-912a-ed689e926ea3,150/165,SV: Scarlet & Violet 151,sv-scarlet-and-violet-151,Reverse_Holofoil,Rare,USD,US,2.43,2.43,2.43,53.0,3.75,3.622857,3.7126923,3.32,3.775,3.775,3.78,3.0,3.75,8015.0,3.78,3.6842856,3.7835484,,,,2026-05-25T21:28:58.987Z,https://cdn.poketrace.com/cards/472daed0ad6757dc.webp,4.0,98.02
Mewtwo,019c3ac3-ec71-70da-b90a-14cd359979f4,150/165,SV: Scarlet & Violet 151,sv-scarlet-and-violet-151,Holofoil,Rare,USD,US,2.19,2.19,2.19,119.0,1.99,2.2,2.4336,2.09,2.09,2.25,2.5,2.0,3.78,6278.0,2.45,2.47,2.0625806,,,,2026-05-25T21:28:58.987Z,https://cdn.poketrace.com/cards/472daed0ad6757dc.webp,4.0,98.02
Mew,019bffaa-1a47-7762-8bb4-ae0fecf43712,151/165,SV: Scarlet & Violet 151,sv-scarlet-and-violet-151,Holofoil,Double Rare,USD,US,6.99,6.99,6.99,651.0,7.245,8.508572,8.100862,9.42,8.495,7.99,8.47,6.98,10.19,19141.0,8.21,8.71,8.4116125,,,,2026-05-25T21:28:58.987Z,https://cdn.poketrace.com/cards/de5466bd53089299.webp,7.0,96.04
Mew,019bffab-58b9-77cf-912b-6860c741d188,193/165,SV: Scarlet & Violet 151,sv-scarlet-and-violet-151,Holofoil,Ultra Rare,USD,US,41.745,39.99,43.5,321.0,46.495,41.390713,40.79963,41.745,39.99,40.0,45.71,45.71,45.71,4522.0,45.71,45.71,45.642582,,,,2026-05-25T21:28:58.987Z,https://cdn.poketrace.com/cards/1881604313419617.webp,7.0,96.04
Mew,019bffab-58b9-77cf-912b-c5d8699e7d18,205/165,SV: Scarlet & Violet 151,sv-scarlet-and-violet-151,Holofoil,Hyper Rare,USD,US,30.0,30.0,30.0,535.0,36.18,31.590714,30.494808,30.0,30.0,29.99,36.44,36.44,36.44,7296.0,36.44,37.68,34.614193,,,,2026-05-25T21:28:58.987Z,https://cdn.poketrace.com/cards/c8f7033525165f10.webp,7.0,96.04
Mew,019bffab-58b9-77cf-912c-83eda4227466,205/165,SV: Scarlet & Violet 151,sv-scarlet-and-violet-151,Normal,Double Rare,USD,US,35.0,35.0,35.0,47.0,35.0,39.403572,38.417778,35.0,37.0,38.495,39.21,40.52,46.99,8113.0,38.91,39.32,40.54742,,,,2026-05-25T21:28:58.987Z,https://cdn.poketrace.com/cards/c8f7033525165f10.webp,7.0,96.04
Mew,019bffab-58b9-77cf-912a-ed689e926ea3,150/165,SV: Scarlet & Violet 151,sv-scarlet-and-violet-151,Reverse_Holofoil,Rare,USD,US,2.43,2.43,2.43,53.0,3.75,3.622857,3.7126923,3.32,3.775,3.775,3.78,3.0,3.75,8015.0,3.78,3.6842856,3.7835484,,,,2026-05-25T21:28:58.987Z,https://cdn.poketrace.com/cards/472daed0ad6757dc.webp,7.0,96.04
Mew,019c3ac3-ec71-70da-b90a-14cd359979f4,150/165,SV: Scarlet & Violet 151,sv-scarlet-and-violet-151,Holofoil,Rare,USD,US,2.19,2.19,2.19,119.0,1.99,2.2,2.4336,2.09,2.09,2.25,2.5,2.0,3.78,6278.0,2.45,2.47,2.0625806,,,,2026-05-25T21:28:58.987Z,https://cdn.poketrace.com/cards/472daed0ad6757dc.webp,7.0,96.04
